-- phpMyAdmin SQL Dump
-- version 4.9.0.1
-- https://www.phpmyadmin.net/
--
-- Host: 127.0.0.1
-- Generation Time: Aug 11, 2019 at 05:31 AM
-- Server version: 10.3.16-MariaDB
-- PHP Version: 7.3.6

SET SQL_MODE = "NO_AUTO_VALUE_ON_ZERO";
SET AUTOCOMMIT = 0;
START TRANSACTION;
SET time_zone = "+00:00";


/*!40101 SET @OLD_CHARACTER_SET_CLIENT=@@CHARACTER_SET_CLIENT */;
/*!40101 SET @OLD_CHARACTER_SET_RESULTS=@@CHARACTER_SET_RESULTS */;
/*!40101 SET @OLD_COLLATION_CONNECTION=@@COLLATION_CONNECTION */;
/*!40101 SET NAMES utf8mb4 */;

--
-- Database: `ecommapi`
--
CREATE DATABASE IF NOT EXISTS `ecommapi` DEFAULT CHARACTER SET latin1 COLLATE latin1_swedish_ci;
USE `ecommapi`;

-- --------------------------------------------------------

--
-- Table structure for table `migrations`
--

DROP TABLE IF EXISTS `migrations`;
CREATE TABLE `migrations` (
  `id` int(10) UNSIGNED NOT NULL,
  `migration` varchar(255) COLLATE utf8mb4_unicode_ci NOT NULL,
  `batch` int(11) NOT NULL
) ENGINE=InnoDB DEFAULT CHARSET=utf8mb4 COLLATE=utf8mb4_unicode_ci;

--
-- Dumping data for table `migrations`
--

INSERT INTO `migrations` (`id`, `migration`, `batch`) VALUES
(1, '2014_10_12_000000_create_users_table', 1),
(2, '2014_10_12_100000_create_password_resets_table', 1),
(3, '2019_08_11_020029_create_products_table', 1),
(4, '2019_08_11_020134_create_reviews_table', 1);

-- --------------------------------------------------------

--
-- Table structure for table `password_resets`
--

DROP TABLE IF EXISTS `password_resets`;
CREATE TABLE `password_resets` (
  `email` varchar(255) COLLATE utf8mb4_unicode_ci NOT NULL,
  `token` varchar(255) COLLATE utf8mb4_unicode_ci NOT NULL,
  `created_at` timestamp NULL DEFAULT NULL
) ENGINE=InnoDB DEFAULT CHARSET=utf8mb4 COLLATE=utf8mb4_unicode_ci;

-- --------------------------------------------------------

--
-- Table structure for table `products`
--

DROP TABLE IF EXISTS `products`;
CREATE TABLE `products` (
  `id` int(10) UNSIGNED NOT NULL,
  `name` varchar(255) COLLATE utf8mb4_unicode_ci NOT NULL,
  `detail` text COLLATE utf8mb4_unicode_ci NOT NULL,
  `price` int(11) NOT NULL,
  `stock` int(11) NOT NULL,
  `discount` int(11) NOT NULL,
  `created_at` timestamp NULL DEFAULT NULL,
  `updated_at` timestamp NULL DEFAULT NULL
) ENGINE=InnoDB DEFAULT CHARSET=utf8mb4 COLLATE=utf8mb4_unicode_ci;

--
-- Dumping data for table `products`
--

INSERT INTO `products` (`id`, `name`, `detail`, `price`, `stock`, `discount`, `created_at`, `updated_at`) VALUES
(1, 'est', 'Sunt quam eum totam nihil consequatur aut. Sed aut nihil veniam dolores ut suscipit est. Voluptates sint deserunt veniam omnis earum ipsa. Est quas consequuntur nihil in et praesentium molestias.', 482, 3, 6, '2019-08-10 19:27:53', '2019-08-10 19:27:53'),
(2, 'possimus', 'Incidunt repellat cum possimus est nesciunt. Aut modi accusantium rem dolores. Totam numquam rem nam iusto quasi. Ea harum aut consectetur voluptatem non maxime repudiandae.', 300, 0, 17, '2019-08-10 19:27:53', '2019-08-10 19:27:53'),
(3, 'nostrum', 'Molestias qui sit possimus et. Ea doloremque magni facilis incidunt ea. Minima id necessitatibus rerum rerum.', 573, 8, 7, '2019-08-10 19:27:53', '2019-08-10 19:27:53'),
(4, 'perspiciatis', 'Vel voluptatem hic soluta facilis dolorem voluptatem. Molestiae est atque soluta dolorem id aliquam consequatur asperiores. Dolor tenetur ducimus sint et. In natus optio earum optio iure.', 188, 2, 17, '2019-08-10 19:27:53', '2019-08-10 19:27:53'),
(5, 'beatae', 'Qui totam aperiam fuga rerum. Ducimus velit voluptas est nulla expedita aut. Assumenda accusantium sit explicabo rem sequi. Non ea molestiae voluptas nisi vel et. Qui sit voluptate sit earum.', 236, 0, 18, '2019-08-10 19:27:53', '2019-08-10 19:27:53'),
(6, 'in', 'Voluptatem provident consectetur fuga est. Quia at suscipit repudiandae nesciunt velit ex. Saepe aut illum facilis voluptatibus qui dolores ipsam. Odio harum quia aspernatur voluptas perferendis.', 704, 3, 10, '2019-08-10 19:27:53', '2019-08-10 19:27:53'),
(7, 'aperiam', 'Eos non inventore explicabo atque quia nemo. Non consequatur et aut laboriosam aliquam.', 201, 1, 6, '2019-08-10 19:27:53', '2019-08-10 19:27:53'),
(8, 'architecto', 'Vero facilis provident tenetur repellendus modi at repellat. Placeat quo quos eius ab dolorem itaque.', 814, 8, 5, '2019-08-10 19:27:54', '2019-08-10 19:27:54'),
(9, 'sunt', 'Non accusantium dolorem consequatur nihil odit debitis et. Omnis adipisci exercitationem accusantium est. Laboriosam aspernatur a molestiae autem quis quia est quasi. Repellat assumenda eaque nesciunt doloremque quis sed dolorum inventore.', 194, 0, 20, '2019-08-10 19:27:54', '2019-08-10 19:27:54'),
(10, 'eum', 'Esse quis aspernatur inventore quos modi consequuntur optio voluptatem. Minima aut qui quos recusandae animi nihil dolor. Alias molestiae qui provident consequuntur.', 762, 8, 17, '2019-08-10 19:27:54', '2019-08-10 19:27:54'),
(11, 'impedit', 'Repellendus ab iusto illo ut aut assumenda. Consequatur architecto omnis aperiam ea. Voluptate hic sit voluptatem sunt.', 566, 1, 19, '2019-08-10 19:27:54', '2019-08-10 19:27:54'),
(12, 'quam', 'Sint libero nulla possimus aliquid. Illo autem quae dolor omnis veniam. Hic voluptatem doloremque aliquam repellat minus nobis. Cum consectetur autem voluptas temporibus.', 271, 2, 12, '2019-08-10 19:27:54', '2019-08-10 19:27:54'),
(13, 'quia', 'Et autem sit eos eaque aut mollitia amet. Dolores sequi id perspiciatis laboriosam est quia corporis. Necessitatibus aut praesentium ea dolorem ab est quia. Et quia rerum voluptas. Iste cupiditate maxime ullam ut qui ipsam.', 257, 3, 12, '2019-08-10 19:27:54', '2019-08-10 19:27:54'),
(14, 'laborum', 'Inventore voluptas libero autem qui. Qui occaecati omnis mollitia incidunt. Delectus non ipsam sed incidunt optio et.', 261, 5, 4, '2019-08-10 19:27:54', '2019-08-10 19:27:54'),
(15, 'in', 'Iste ratione similique hic et ex enim. Quis atque fugit architecto repudiandae. Qui dolorum inventore accusantium nihil officia nulla nihil ipsam. Sit fugiat adipisci et quia tenetur fugit dolore sit.', 417, 2, 13, '2019-08-10 19:27:55', '2019-08-10 19:27:55'),
(16, 'minima', 'Sed qui enim quia voluptatem qui et. Deserunt et ut reprehenderit laudantium ut qui. Non cum sint reiciendis necessitatibus nihil sit ut nihil. Velit quos voluptate sit.', 105, 9, 13, '2019-08-10 19:27:55', '2019-08-10 19:27:55'),
(17, 'saepe', 'Nemo amet ex iure nihil. Ab sequi saepe soluta fuga id maiores voluptatem. In sed aperiam eum doloribus incidunt. Sunt et tenetur temporibus reprehenderit non nemo. Deserunt ipsa at et deserunt adipisci.', 644, 7, 16, '2019-08-10 19:27:55', '2019-08-10 19:27:55'),
(18, 'illum', 'Libero aperiam ad corporis omnis reprehenderit eligendi rerum aut. Eligendi aut commodi alias ea aut eligendi impedit consequatur. Unde tempore aut illo voluptatem nihil beatae id.', 568, 7, 5, '2019-08-10 19:27:55', '2019-08-10 19:27:55'),
(19, 'aperiam', 'Illum consequatur sunt ut est. Delectus qui nobis qui vel ex facilis commodi.', 184, 8, 19, '2019-08-10 19:27:55', '2019-08-10 19:27:55'),
(20, 'delectus', 'Ut laudantium sed sit qui sunt fugit ipsa. Repellendus tempore et vel ipsam doloremque ea. Optio modi consectetur ratione deleniti aut.', 609, 4, 19, '2019-08-10 19:27:55', '2019-08-10 19:27:55'),
(21, 'occaecati', 'Consequatur consectetur eos laudantium ratione dolorem velit. Voluptatem culpa aut et. In nemo similique corrupti sunt sint. Ut qui veritatis similique delectus quo.', 182, 8, 5, '2019-08-10 19:27:55', '2019-08-10 19:27:55'),
(22, 'nostrum', 'Doloribus aut voluptatibus cumque non quod. Quo ab reiciendis rem est vel minima.', 890, 3, 5, '2019-08-10 19:27:55', '2019-08-10 19:27:55'),
(23, 'et', 'Magnam maxime at amet quaerat laborum atque rerum. Eos blanditiis pariatur ea.', 544, 8, 17, '2019-08-10 19:27:55', '2019-08-10 19:27:55'),
(24, 'ab', 'Dolores dolores non quibusdam a placeat non. Dolor enim consectetur repellendus est eaque aperiam fuga. Illo explicabo recusandae consequatur quae cum possimus.', 754, 6, 2, '2019-08-10 19:27:55', '2019-08-10 19:27:55'),
(25, 'hic', 'Occaecati nostrum eligendi ut quia omnis. Doloribus similique quo veritatis fuga. Enim nobis et repellat nesciunt. Veniam sunt consequatur voluptatem voluptatum.', 241, 2, 19, '2019-08-10 19:27:56', '2019-08-10 19:27:56'),
(26, 'non', 'Explicabo quis qui omnis alias. Est nobis non similique nihil similique quo aut. Voluptates dicta sed quo nobis impedit sint.', 281, 4, 17, '2019-08-10 19:27:56', '2019-08-10 19:27:56'),
(27, 'et', 'Voluptatem dolor est omnis. Quia fugit tenetur odio ratione eligendi. Consequatur commodi aliquam sunt sed. Laboriosam magni qui ut.', 286, 4, 15, '2019-08-10 19:27:56', '2019-08-10 19:27:56'),
(28, 'id', 'Inventore excepturi voluptatem illum soluta laborum. Voluptatem voluptatibus dolore id dolorum sit qui earum. Vero voluptatem quisquam eaque non omnis dolores animi.', 900, 8, 20, '2019-08-10 19:27:56', '2019-08-10 19:27:56'),
(29, 'voluptas', 'Architecto sed dignissimos sit ut et provident eveniet amet. Occaecati debitis quibusdam odit libero. Possimus rerum incidunt rerum adipisci totam ad. Libero deleniti eligendi officiis ex porro enim.', 792, 1, 19, '2019-08-10 19:27:56', '2019-08-10 19:27:56'),
(30, 'et', 'Dolor voluptate maxime qui. Temporibus dicta eum totam eius nihil aspernatur. Nam qui odit quae voluptatem enim.', 890, 5, 15, '2019-08-10 19:27:56', '2019-08-10 19:27:56'),
(31, 'officia', 'Architecto delectus omnis dolores voluptas quidem et repellat soluta. Temporibus blanditiis dolorem quia enim reiciendis. Adipisci sed sequi quo sunt.', 849, 1, 13, '2019-08-10 19:27:56', '2019-08-10 19:27:56'),
(32, 'iusto', 'Eaque ut assumenda quisquam aut. Soluta amet magnam vel ipsum. Voluptates maxime iste aliquid ut vero dolor quaerat.', 128, 2, 4, '2019-08-10 19:27:56', '2019-08-10 19:27:56'),
(33, 'est', 'Amet cupiditate provident beatae ea optio. Repellendus omnis ut incidunt at sed omnis possimus. Neque hic asperiores in sint cum aliquam. Tenetur nam quia fuga consequatur.', 366, 4, 2, '2019-08-10 19:27:56', '2019-08-10 19:27:56'),
(34, 'voluptas', 'Numquam veritatis consectetur ut ut. Animi impedit repudiandae aperiam cum ad. At itaque necessitatibus minima. Minus atque hic et molestias et sit.', 390, 9, 4, '2019-08-10 19:27:56', '2019-08-10 19:27:56'),
(35, 'id', 'Debitis voluptas ipsa et est deleniti ut consequuntur. Et hic doloribus qui sequi. Nisi rerum officia recusandae fugiat. Doloremque consequatur minima quia voluptatem nisi minima qui.', 442, 5, 18, '2019-08-10 19:27:56', '2019-08-10 19:27:56'),
(36, 'omnis', 'Quia dolore natus ut iure quasi odio. Sunt dolore nostrum cumque reprehenderit fuga cum inventore quaerat. Vero quaerat neque rem sit hic aliquam. Ut nostrum vitae et est. Repellendus non pariatur minus et libero amet nemo.', 613, 2, 3, '2019-08-10 19:27:56', '2019-08-10 19:27:56'),
(37, 'explicabo', 'Libero totam sit dicta autem debitis. Accusamus minus temporibus dignissimos sit. Et unde est quia enim corrupti.', 431, 7, 15, '2019-08-10 19:27:56', '2019-08-10 19:27:56'),
(38, 'culpa', 'Debitis voluptatem illum laboriosam sint. Totam aliquid incidunt ab et in sit quaerat. Nesciunt libero illo eaque natus. Sequi hic impedit itaque nisi similique et aut.', 265, 1, 6, '2019-08-10 19:27:56', '2019-08-10 19:27:56'),
(39, 'laborum', 'Quia quia similique dolorem ipsa in. Sint reiciendis veritatis officiis ab ut nesciunt. Sed aliquam et eos adipisci.', 425, 6, 11, '2019-08-10 19:27:57', '2019-08-10 19:27:57'),
(40, 'ad', 'Vel eveniet voluptates minima adipisci. Impedit totam ut et natus sunt. Ut doloremque est nam porro aut aut. Dicta occaecati non ea tenetur est.', 423, 0, 16, '2019-08-10 19:27:57', '2019-08-10 19:27:57'),
(41, 'molestiae', 'Voluptatem est veniam aut similique perspiciatis exercitationem. Perspiciatis vitae et delectus. Quidem et quod architecto ea qui consequatur est.', 122, 8, 3, '2019-08-10 19:27:57', '2019-08-10 19:27:57'),
(42, 'odit', 'Qui eveniet consequatur magni dolores. Odit voluptas officiis libero quae sed ut. Aut quia perspiciatis molestias veniam ut. Est ipsam dolorem eos quod nisi neque veritatis.', 332, 9, 18, '2019-08-10 19:27:57', '2019-08-10 19:27:57'),
(43, 'assumenda', 'Est omnis omnis rerum hic ea fugiat quis. Sint consectetur et quos minus voluptates ab.', 529, 6, 18, '2019-08-10 19:27:57', '2019-08-10 19:27:57'),
(44, 'nemo', 'Voluptas ut aspernatur voluptates. Qui dolorem amet velit neque architecto ab at qui. Consequatur est voluptate vel voluptate iste. Voluptatem aliquid consectetur vitae cupiditate quo architecto quo.', 482, 6, 19, '2019-08-10 19:27:57', '2019-08-10 19:27:57'),
(45, 'quia', 'Et dolore vel optio qui. Non porro porro dicta iure est exercitationem harum. Atque non nihil excepturi aperiam quisquam ipsum qui quisquam.', 323, 9, 4, '2019-08-10 19:27:57', '2019-08-10 19:27:57'),
(46, 'labore', 'Pariatur aut quam neque ex assumenda quod. Velit maiores eligendi ea qui qui iure libero.', 312, 3, 13, '2019-08-10 19:27:57', '2019-08-10 19:27:57'),
(47, 'eum', 'Odit explicabo ut quasi doloribus distinctio. Voluptas soluta et iusto cupiditate. Rerum temporibus vel iste sapiente vitae ut. Sunt quisquam sit autem consequatur aut rerum sequi culpa.', 986, 0, 8, '2019-08-10 19:27:57', '2019-08-10 19:27:57'),
(48, 'voluptatem', 'Magnam ipsum consequatur ipsa deserunt repellendus aut. Reprehenderit accusantium et veritatis nemo qui eligendi. Qui qui et rerum dolor.', 828, 7, 8, '2019-08-10 19:27:57', '2019-08-10 19:27:57'),
(49, 'et', 'Ut sit consequuntur dolorem sed consequatur dolor ipsam sunt. Ipsa saepe fugiat et sit itaque cum corrupti voluptatibus. Architecto in incidunt expedita distinctio velit. Voluptas deserunt aspernatur veritatis velit.', 675, 2, 13, '2019-08-10 19:27:57', '2019-08-10 19:27:57'),
(50, 'debitis', 'Facilis distinctio nisi quod quia similique. Officia sint pariatur maxime tempore officia ratione. Dolorem quidem ex architecto expedita vel ad eligendi.', 469, 2, 17, '2019-08-10 19:27:57', '2019-08-10 19:27:57');

-- --------------------------------------------------------

--
-- Table structure for table `reviews`
--

DROP TABLE IF EXISTS `reviews`;
CREATE TABLE `reviews` (
  `id` bigint(20) UNSIGNED NOT NULL,
  `product_id` int(10) UNSIGNED NOT NULL,
  `customer` varchar(255) COLLATE utf8mb4_unicode_ci NOT NULL,
  `review` text COLLATE utf8mb4_unicode_ci NOT NULL,
  `star` int(11) NOT NULL,
  `created_at` timestamp NULL DEFAULT NULL,
  `updated_at` timestamp NULL DEFAULT NULL
) ENGINE=InnoDB DEFAULT CHARSET=utf8mb4 COLLATE=utf8mb4_unicode_ci;

--
-- Dumping data for table `reviews`
--

INSERT INTO `reviews` (`id`, `product_id`, `customer`, `review`, `star`, `created_at`, `updated_at`) VALUES
(1, 23, 'Shany Kub', 'Non dignissimos magni non eaque voluptas molestias ducimus amet. Velit dolores praesentium earum. Debitis dolor et aliquid blanditiis voluptatem nulla. Est suscipit consequatur quas et quis similique perspiciatis.', 2, '2019-08-10 19:27:58', '2019-08-10 19:27:58'),
(2, 40, 'Bill Kutch', 'Doloremque officiis dicta rem molestiae ex veniam. Ut qui ipsum iusto. Quaerat qui vitae qui officia veniam qui itaque ratione.', 3, '2019-08-10 19:27:58', '2019-08-10 19:27:58'),
(3, 48, 'Jordan Altenwerth', 'Minus dolor quos commodi libero velit perspiciatis. Incidunt voluptas nemo dolorem exercitationem placeat minima nesciunt. Non recusandae voluptatum est esse saepe libero voluptatem.', 4, '2019-08-10 19:27:59', '2019-08-10 19:27:59'),
(4, 10, 'Serena Roob', 'Ut id ea quo quo rerum natus ut. Velit et corrupti explicabo. Beatae sapiente assumenda minus alias.', 2, '2019-08-10 19:28:00', '2019-08-10 19:28:00'),
(5, 26, 'Laurie Hilpert', 'Cumque saepe molestias dolor dolore architecto. Ad assumenda recusandae officia porro asperiores. Ullam dolorem ut minima voluptas. Eveniet provident suscipit autem natus.', 5, '2019-08-10 19:28:00', '2019-08-10 19:28:00'),
(6, 42, 'Ms. Eugenia Ankunding III', 'Voluptatem quidem magni aliquam iste sed. Consequuntur beatae aut beatae labore. Sunt sunt expedita molestias sit.', 1, '2019-08-10 19:28:00', '2019-08-10 19:28:00'),
(7, 9, 'Millie Keeling', 'Minus officia enim voluptas magnam et aut aut. Vero voluptas laborum velit excepturi iure vitae fugit. Qui sint omnis impedit tempore qui.', 3, '2019-08-10 19:28:00', '2019-08-10 19:28:00'),
(8, 40, 'Johnson Carroll', 'Pariatur et cum sed totam. Iusto incidunt voluptas tempore ea. Omnis sint in ea architecto similique dolorem veniam.', 1, '2019-08-10 19:28:00', '2019-08-10 19:28:00'),
(9, 30, 'Ms. Cierra Larson', 'Distinctio qui expedita cumque alias architecto est. Est culpa quasi aut ea temporibus provident esse. Consequatur ad ipsum quam ut sed minus enim.', 5, '2019-08-10 19:28:00', '2019-08-10 19:28:00'),
(10, 11, 'Whitney Feil', 'Cupiditate eum in eius et voluptas odit. Maiores esse pariatur minima. Quam sed voluptates non vel. Omnis hic facilis natus illo animi.', 1, '2019-08-10 19:28:00', '2019-08-10 19:28:00'),
(11, 33, 'Mr. Aurelio Mitchell', 'Eum nulla nobis temporibus itaque non hic. Vero placeat molestiae ipsam expedita sapiente iusto. Doloremque quos cumque consequuntur voluptatum. Sequi ut sint nihil facere architecto aut pariatur.', 2, '2019-08-10 19:28:00', '2019-08-10 19:28:00'),
(12, 29, 'Blake Greenholt III', 'Magnam voluptatem sint eligendi voluptatem. Laborum porro mollitia laborum ut. Velit suscipit culpa provident hic.', 2, '2019-08-10 19:28:00', '2019-08-10 19:28:00'),
(13, 20, 'Martin Kautzer I', 'Ad rerum iusto est qui. Id atque veniam adipisci assumenda temporibus et illum eius. Odit molestiae voluptatem enim voluptatem porro. Ut ratione iure odio ipsum eaque numquam. Enim ad quas voluptas velit rerum distinctio quae.', 5, '2019-08-10 19:28:00', '2019-08-10 19:28:00'),
(14, 48, 'Queen Renner', 'Minima vero maxime quae. Molestias neque sed libero deleniti natus voluptates. Dolor voluptatibus hic ut consequatur.', 1, '2019-08-10 19:28:01', '2019-08-10 19:28:01'),
(15, 5, 'Kamren Huel', 'Enim ut tempora eius odio. Non aut dolorum blanditiis natus est est. Est optio quia ad sit laboriosam. Eveniet doloribus vero iusto quidem minima commodi maxime.', 2, '2019-08-10 19:28:01', '2019-08-10 19:28:01'),
(16, 36, 'Vicenta Johnson DDS', 'Non aut cum magnam ut. Odit tempora perferendis voluptatem. Iure ex recusandae commodi doloribus dolorum.', 5, '2019-08-10 19:28:02', '2019-08-10 19:28:02'),
(17, 24, 'Prince Lockman', 'Quis a nemo cum voluptas voluptate consequatur. Consequuntur esse magnam laboriosam et distinctio eligendi earum. Quo vitae dolorum quod excepturi natus aut illo est. Rerum et voluptatem aut est dolore.', 3, '2019-08-10 19:28:02', '2019-08-10 19:28:02'),
(18, 11, 'Golda Mitchell', 'Animi molestias mollitia praesentium et id quo nobis. Sunt excepturi nihil accusamus officia nihil laudantium. Inventore nihil ratione rerum eos deserunt. Quibusdam exercitationem sed laudantium dolores nemo labore aliquam.', 0, '2019-08-10 19:28:03', '2019-08-10 19:28:03'),
(19, 39, 'Susie Lubowitz V', 'Aut officiis repudiandae aperiam dolores iusto in. Similique perferendis ut fugiat aliquid aliquid corrupti doloribus.', 0, '2019-08-10 19:28:04', '2019-08-10 19:28:04'),
(20, 19, 'Hillary Gutkowski', 'Eos quidem deserunt nisi molestias deleniti voluptas. Cupiditate omnis cum laboriosam. Quod non dolores aut numquam in alias quasi. Laboriosam consectetur enim ipsam velit cumque quasi in.', 5, '2019-08-10 19:28:04', '2019-08-10 19:28:04'),
(21, 43, 'Loma Rutherford', 'Expedita tenetur eos dignissimos minima soluta. Accusamus earum consequatur veritatis aut unde est. Qui sint et similique dolores. Reprehenderit repudiandae numquam qui minus. Voluptatem sunt ea fuga.', 3, '2019-08-10 19:28:04', '2019-08-10 19:28:04'),
(22, 16, 'Torrey Schmidt I', 'Ea vero officiis unde officia voluptas ut. Non ipsum facilis rem est voluptatibus veritatis. Autem dicta amet dolore.', 5, '2019-08-10 19:28:04', '2019-08-10 19:28:04'),
(23, 50, 'Miss Alisa Daugherty Jr.', 'Vel eum nihil voluptas. Et libero velit eaque molestias nihil enim maiores. Ut minus ut necessitatibus enim quo totam non. Nobis iste voluptatem quos suscipit quibusdam consequatur rerum ullam.', 3, '2019-08-10 19:28:04', '2019-08-10 19:28:04'),
(24, 37, 'Marcelo Kozey', 'Non aut quia dolor vel non qui. Aperiam fuga sunt quos ut occaecati sit quas at. Non autem qui quas quam vel et ducimus consectetur. Velit quis aliquid suscipit quidem in perferendis corrupti.', 0, '2019-08-10 19:28:04', '2019-08-10 19:28:04'),
(25, 20, 'Estel Ziemann', 'Ut aut ut consequuntur reprehenderit aut. Hic voluptatum quibusdam voluptas. Inventore consequatur aliquid sed qui culpa laboriosam.', 4, '2019-08-10 19:28:04', '2019-08-10 19:28:04'),
(26, 3, 'Jarod Roberts', 'Magnam quaerat commodi sequi doloribus aut. Optio corporis aut blanditiis enim. Ullam pariatur exercitationem qui laborum mollitia eius dolor. Quisquam facere non eum tenetur nisi vel aut.', 0, '2019-08-10 19:28:04', '2019-08-10 19:28:04'),
(27, 50, 'Dr. Mya Bernhard V', 'Illum est eos odio a voluptas. In reprehenderit nobis dolores hic aut. Nobis fuga sequi est mollitia sed dolores.', 3, '2019-08-10 19:28:04', '2019-08-10 19:28:04'),
(28, 40, 'Mrs. Ayla Hoppe', 'Ducimus et in corporis est id. Exercitationem cum in sit expedita rem voluptatem. Iure voluptatem sit est. Perferendis minima praesentium perferendis inventore hic.', 1, '2019-08-10 19:28:05', '2019-08-10 19:28:05'),
(29, 38, 'Maxine Romaguera', 'Ducimus eveniet ut et aliquid. Omnis et accusamus temporibus consequatur. Nulla et ipsa eos dolores qui.', 1, '2019-08-10 19:28:05', '2019-08-10 19:28:05'),
(30, 37, 'Mr. Rex Wyman', 'Est eum voluptatem libero nulla. Omnis rerum qui vero et voluptatem unde. Eum aut deleniti architecto excepturi sed.', 0, '2019-08-10 19:28:05', '2019-08-10 19:28:05'),
(31, 11, 'Ethyl Medhurst', 'Eum qui accusamus aliquid culpa. Et reprehenderit vel enim eum dolorem. Eum nesciunt tenetur consequatur aut numquam aut.', 4, '2019-08-10 19:28:05', '2019-08-10 19:28:05'),
(32, 29, 'Zakary VonRueden', 'Rem vel dolorem voluptates dolorem aut velit expedita. Repellendus aut illo officia officia id earum asperiores. Porro modi ducimus sit corporis qui amet.', 3, '2019-08-10 19:28:05', '2019-08-10 19:28:05'),
(33, 13, 'Prof. Avery Rempel PhD', 'Voluptate consequuntur laboriosam molestias odio voluptas. Modi placeat dolore rerum nobis consectetur dolore et. Ducimus mollitia voluptatem autem cumque sunt harum. Odio saepe tenetur maiores occaecati et quasi nam.', 4, '2019-08-10 19:28:05', '2019-08-10 19:28:05'),
(34, 25, 'Ms. Luisa Schiller DDS', 'Quia quo veritatis perferendis vel. Et mollitia accusantium deserunt optio. Nisi magnam sint et repellendus ab qui libero dolor.', 5, '2019-08-10 19:28:05', '2019-08-10 19:28:05'),
(35, 9, 'Dr. Octavia Bernier II', 'Neque qui vel saepe dolore delectus cumque illum. Perspiciatis molestiae et dolorem voluptas minima et. Similique dolorum consequatur impedit fugiat esse omnis voluptatem ducimus.', 5, '2019-08-10 19:28:05', '2019-08-10 19:28:05'),
(36, 43, 'Sylvester Hodkiewicz', 'Et nihil quae laboriosam sed ut rerum impedit. Omnis non omnis atque eaque commodi ut. Est sed quia illum velit.', 0, '2019-08-10 19:28:05', '2019-08-10 19:28:05'),
(37, 17, 'Columbus Herman', 'Iure ipsam sit veniam id in. Nobis labore repellendus repudiandae quis molestias autem. Voluptate voluptatibus eveniet cupiditate dolorem voluptas. Sapiente provident aliquam iusto laudantium omnis repudiandae qui. Ea et maxime velit qui voluptas qui velit.', 2, '2019-08-10 19:28:05', '2019-08-10 19:28:05'),
(38, 38, 'Ahmed Zieme', 'Vitae reiciendis quaerat saepe eligendi. Sequi quaerat autem voluptas.', 3, '2019-08-10 19:28:05', '2019-08-10 19:28:05'),
(39, 49, 'Elwyn Hilpert', 'Adipisci a assumenda officia ea rerum laborum. Nisi sit natus praesentium et itaque quas. Et velit dolor eligendi natus quia quod cum voluptas. Voluptas provident asperiores nobis error.', 1, '2019-08-10 19:28:05', '2019-08-10 19:28:05'),
(40, 13, 'Prof. Marcelino Carter', 'Velit voluptatibus est possimus consectetur aspernatur ea quo. Qui praesentium et id id. Sit consequuntur ut necessitatibus ipsa. Eaque minima officiis voluptatem laboriosam non aut.', 2, '2019-08-10 19:28:05', '2019-08-10 19:28:05'),
(41, 42, 'Alda Hoppe', 'Omnis maxime optio dolor eius qui omnis et. Impedit natus quis aspernatur aut enim vero est. Sit dignissimos error error. Minima officiis totam sint iusto.', 1, '2019-08-10 19:28:05', '2019-08-10 19:28:05'),
(42, 48, 'Mavis Schmitt', 'Dignissimos rem at itaque aut ducimus. Et quia repellendus non asperiores. Libero pariatur numquam ipsum nisi voluptas esse explicabo. Omnis quam suscipit voluptas quo fuga.', 4, '2019-08-10 19:28:06', '2019-08-10 19:28:06'),
(43, 2, 'Dr. Arden Emard III', 'Id aspernatur excepturi qui atque quia. Vel modi deserunt ipsa expedita. Pariatur iusto ullam qui voluptatem ex. Eos placeat quia dolor natus.', 2, '2019-08-10 19:28:06', '2019-08-10 19:28:06'),
(44, 19, 'Estell Bernier', 'Quia dicta officiis sit. Et aut eos modi maxime aut quia ut. Eos excepturi temporibus est doloremque.', 4, '2019-08-10 19:28:06', '2019-08-10 19:28:06'),
(45, 49, 'Ellen Huels', 'Ut odit in corporis voluptas. Distinctio qui ipsum laudantium quod sed id debitis. Nostrum odio odio voluptates reprehenderit. Delectus et eos est est nam commodi.', 4, '2019-08-10 19:28:06', '2019-08-10 19:28:06'),
(46, 32, 'Laron Beier', 'Magnam quisquam ut voluptates in ea similique. Earum consequuntur perferendis perferendis repellat. Ut omnis perspiciatis est in earum similique et. Neque aut maxime id velit eum quasi voluptatem. Aliquam omnis ratione officiis.', 4, '2019-08-10 19:28:06', '2019-08-10 19:28:06'),
(47, 27, 'Karley Ullrich', 'Fuga consequatur vero veniam magni vero est sit. Iure pariatur ipsa incidunt quasi autem velit quia facilis. Esse ut ea ipsum et minus. Id ex suscipit quae ea deserunt et facilis.', 0, '2019-08-10 19:28:06', '2019-08-10 19:28:06'),
(48, 6, 'Tre Murray', 'Quasi sunt optio laborum qui est rerum dolor. Ea facilis non quisquam mollitia ipsa. Magni iure voluptas esse numquam dolorem reprehenderit dolor est. Possimus et odit neque mollitia velit.', 0, '2019-08-10 19:28:06', '2019-08-10 19:28:06'),
(49, 12, 'Pansy Bechtelar', 'Ut quam voluptates dicta. Quibusdam dolore consequatur repudiandae et quae eos. Sint quia itaque quia voluptatem voluptas quod.', 3, '2019-08-10 19:28:06', '2019-08-10 19:28:06'),
(50, 38, 'Liliana Parker', 'Maiores facere iusto qui voluptas. Porro deserunt aut esse distinctio et asperiores. Dolor non et eaque qui aut autem itaque nam.', 5, '2019-08-10 19:28:06', '2019-08-10 19:28:06'),
(51, 50, 'Elda King', 'Voluptas dolore qui soluta eum exercitationem id est. Temporibus deleniti et sequi. Ad temporibus incidunt et eos.', 3, '2019-08-10 19:28:06', '2019-08-10 19:28:06'),
(52, 47, 'Dr. Shanel Cremin', 'Neque corrupti rerum odit cum non. Voluptas commodi accusamus qui ut voluptates id est. Nobis earum sed et enim saepe harum omnis. Ullam et est tenetur magni non rerum.', 5, '2019-08-10 19:28:06', '2019-08-10 19:28:06'),
(53, 48, 'Ms. Rowena Koss DVM', 'Deleniti rerum voluptatibus aut quod. Tenetur dolores totam officia. Quia blanditiis et harum facilis qui vel deleniti. Pariatur non cum ut dolorem id quae aut.', 2, '2019-08-10 19:28:07', '2019-08-10 19:28:07'),
(54, 31, 'Araceli Rice PhD', 'Nesciunt mollitia ullam facere ut quasi perspiciatis provident. Dolorem quisquam officiis excepturi. Qui ut sapiente dolores ut qui pariatur omnis dolor.', 2, '2019-08-10 19:28:07', '2019-08-10 19:28:07'),
(55, 4, 'Tara Mohr', 'Laborum cumque qui incidunt necessitatibus quis dolorem beatae dolores. Et tempora eveniet id pariatur. Quo ipsam perferendis maxime autem.', 5, '2019-08-10 19:28:07', '2019-08-10 19:28:07'),
(56, 38, 'Dr. Loraine Borer DDS', 'Dolores tenetur enim explicabo voluptate. Voluptas non in officiis. Quisquam quis esse itaque non quas. Qui veritatis ut dolore enim sunt nisi.', 5, '2019-08-10 19:28:07', '2019-08-10 19:28:07'),
(57, 29, 'Alta Cole PhD', 'Hic atque enim in qui veritatis odio a. Voluptatum aut est eaque eum dicta aut eos. Quis voluptatem vitae velit hic laudantium delectus inventore. Impedit et ut aspernatur velit enim distinctio.', 4, '2019-08-10 19:28:07', '2019-08-10 19:28:07'),
(58, 47, 'Mrs. Kamille Koch MD', 'Aperiam ipsum deleniti ad. Aliquam veniam ut qui quasi quod itaque. Et quia ut dolorem eaque voluptas qui laboriosam consequatur. Ut sit aliquid consectetur exercitationem a eaque. Consequatur est temporibus veritatis voluptas voluptatem iusto asperiores quas.', 1, '2019-08-10 19:28:07', '2019-08-10 19:28:07'),
(59, 38, 'Collin Runolfsson', 'Non commodi ipsam nostrum deserunt. Laboriosam ea aperiam tenetur omnis. Dolorum asperiores hic corrupti minus non blanditiis. Quae saepe voluptas tempore rerum sed.', 5, '2019-08-10 19:28:07', '2019-08-10 19:28:07'),
(60, 36, 'Geraldine Romaguera', 'Natus consequatur omnis cum quisquam. Odit sequi ad quasi iste. Sit rerum aut aut officia reiciendis animi et.', 0, '2019-08-10 19:28:07', '2019-08-10 19:28:07'),
(61, 44, 'Aletha Schoen', 'Libero amet adipisci sequi eveniet aut. Ut debitis natus voluptatem dolorum ducimus tempora. Aspernatur et neque molestiae ducimus eveniet soluta enim voluptatem. Amet voluptates porro et suscipit dolore quasi. Suscipit et nihil laudantium.', 3, '2019-08-10 19:28:07', '2019-08-10 19:28:07'),
(62, 6, 'Osvaldo Gerhold III', 'Deserunt et enim accusantium culpa. Sit quod eaque ut nostrum velit distinctio. Id perspiciatis fuga id et qui temporibus veritatis.', 0, '2019-08-10 19:28:07', '2019-08-10 19:28:07'),
(63, 42, 'Prof. Ricky Harvey', 'Incidunt deserunt voluptatibus minima deserunt delectus ab reiciendis. Non reprehenderit non cupiditate.', 5, '2019-08-10 19:28:07', '2019-08-10 19:28:07'),
(64, 49, 'Eli Anderson', 'Aut architecto corrupti et molestias neque. Laboriosam quo aliquam consequatur sapiente modi. Molestias ea nemo perspiciatis qui quo eum. Assumenda rem est voluptatem voluptatem qui reiciendis.', 3, '2019-08-10 19:28:07', '2019-08-10 19:28:07'),
(65, 6, 'Miss Bethany Cummerata DDS', 'Voluptas repellat voluptatem et expedita omnis. Rem expedita eius ut est. Et adipisci vitae quia maxime autem dignissimos eum repellat.', 4, '2019-08-10 19:28:07', '2019-08-10 19:28:07'),
(66, 1, 'Augustine Nikolaus', 'Et quaerat sed numquam beatae non tempora. Et voluptatem perferendis eos amet harum nihil. Quo numquam itaque ab minus illo numquam.', 5, '2019-08-10 19:28:08', '2019-08-10 19:28:08'),
(67, 12, 'Prof. Adriana Morar', 'Quibusdam voluptas aut nostrum eos harum et. Quas fugit id voluptatem ex. Ducimus sunt deleniti et ducimus exercitationem et. Consequatur aut qui ad esse corporis alias.', 3, '2019-08-10 19:28:08', '2019-08-10 19:28:08'),
(68, 45, 'Theo Schmitt V', 'Quae quaerat dolores provident placeat corporis veritatis. Et tempore porro et nostrum quaerat incidunt vitae accusamus. Tempora corporis rerum et doloribus. Sed non ut recusandae porro temporibus commodi. Facilis ab aut eligendi quasi ratione nemo quo.', 3, '2019-08-10 19:28:08', '2019-08-10 19:28:08'),
(69, 11, 'Miss Carolanne Bashirian', 'Qui aperiam suscipit laborum. Sit est sit est rem et. Provident et itaque ut excepturi.', 3, '2019-08-10 19:28:08', '2019-08-10 19:28:08'),
(70, 5, 'Dr. Kyler Bergstrom', 'Repudiandae necessitatibus dignissimos vero cum velit. Animi fugit quia et quibusdam sint.', 4, '2019-08-10 19:28:08', '2019-08-10 19:28:08'),
(71, 48, 'Julianne Schulist', 'Est inventore illo ipsum enim quia. Aut laborum quod deleniti voluptatem et perferendis eius aut.', 4, '2019-08-10 19:28:08', '2019-08-10 19:28:08'),
(72, 9, 'Prof. Kiera Metz Sr.', 'Nostrum a necessitatibus numquam ut tempore similique. Animi delectus vel officiis temporibus qui. Porro facere et quia est repudiandae. Autem dolorem nam quos tempora autem laudantium aut quasi.', 5, '2019-08-10 19:28:08', '2019-08-10 19:28:08'),
(73, 5, 'Savanah Barrows', 'Quos et voluptas est repellat saepe in natus. Rerum omnis in culpa voluptatum dolorem. Sit eos ullam voluptas consequatur quia inventore.', 1, '2019-08-10 19:28:08', '2019-08-10 19:28:08'),
(74, 3, 'Dr. Maddison Barton II', 'Autem officia repudiandae cumque voluptatem placeat dolores expedita. Ipsum sint accusamus quis. Ut recusandae aspernatur excepturi.', 2, '2019-08-10 19:28:08', '2019-08-10 19:28:08'),
(75, 30, 'Greyson Lang', 'Accusantium maiores molestiae ipsum expedita quia. Eos quasi voluptatem aliquam explicabo. Perferendis voluptatem ad nihil. Ut possimus et ad officiis voluptatibus vitae sunt excepturi.', 4, '2019-08-10 19:28:08', '2019-08-10 19:28:08'),
(76, 25, 'Prof. Brian Lind', 'Voluptate est animi ut nobis quas. Enim officiis incidunt et doloribus explicabo enim. Repellat rerum dolorum id quisquam dignissimos.', 5, '2019-08-10 19:28:08', '2019-08-10 19:28:08'),
(77, 1, 'Dr. Rupert Satterfield II', 'Animi totam ut voluptatibus nisi accusamus doloremque a. Harum iste omnis sequi cum ducimus sapiente. Dicta exercitationem omnis nobis inventore natus sit debitis. Cumque dignissimos consequatur qui sed iste necessitatibus. Nam quia ex neque quasi soluta blanditiis rerum quia.', 0, '2019-08-10 19:28:09', '2019-08-10 19:28:09'),
(78, 3, 'Audie Little', 'Accusamus voluptas esse ullam consectetur non quia. Sed eum facilis ducimus ea facilis quidem id velit. Reprehenderit porro soluta saepe occaecati excepturi sed dolore.', 1, '2019-08-10 19:28:09', '2019-08-10 19:28:09'),
(79, 17, 'Theodore Ernser', 'Ut cum labore facere commodi explicabo quae sit. Et recusandae ut id deleniti vel nesciunt. Voluptas velit ut ex dolor. Porro perferendis quae praesentium itaque veniam delectus quod et.', 4, '2019-08-10 19:28:09', '2019-08-10 19:28:09'),
(80, 7, 'Gretchen Prosacco Sr.', 'Sequi reprehenderit non sunt. Vel voluptas molestiae dolorem amet aut porro quia. Quasi et expedita eveniet id sapiente illum. Hic sint ullam qui modi est qui. Corrupti rerum quos saepe quaerat.', 3, '2019-08-10 19:28:09', '2019-08-10 19:28:09'),
(81, 2, 'Kaelyn Effertz', 'Sed deleniti temporibus dolores odit commodi accusantium enim. Blanditiis recusandae sit ex ullam et consequuntur vitae dolores. Velit dolor asperiores autem iure distinctio.', 0, '2019-08-10 19:28:09', '2019-08-10 19:28:09'),
(82, 34, 'Pasquale Fadel', 'Et velit quidem doloremque eveniet nihil neque. Fuga voluptates aut mollitia sed iste asperiores corporis. Quia velit eos quia dolor.', 3, '2019-08-10 19:28:09', '2019-08-10 19:28:09'),
(83, 7, 'Michael Huel DDS', 'Aspernatur consequatur aut voluptas eaque dicta ut mollitia illo. Impedit reprehenderit ut corrupti blanditiis nisi dolor. Debitis non corporis officia hic qui suscipit voluptatem eveniet. Ut ad vel inventore dolore voluptatem non.', 3, '2019-08-10 19:28:09', '2019-08-10 19:28:09'),
(84, 38, 'Dr. Laurie Volkman I', 'Odit et reiciendis et sunt ea sunt excepturi nam. Blanditiis et modi eos vel fugit eos sed voluptatibus. Qui eos et enim temporibus ea earum enim.', 0, '2019-08-10 19:28:09', '2019-08-10 19:28:09'),
(85, 28, 'Norris Wilkinson III', 'Voluptas sit libero ullam magni nihil. Ut dolor consequatur dolorem ut id corporis sint. Ipsum ut dolore porro.', 4, '2019-08-10 19:28:09', '2019-08-10 19:28:09'),
(86, 18, 'Bernadette Jaskolski', 'Occaecati quos quia quibusdam consequatur et aspernatur. Id quisquam rem eos at voluptas. Similique enim in quaerat sequi nihil ut. Non incidunt rerum cumque soluta odit.', 4, '2019-08-10 19:28:09', '2019-08-10 19:28:09'),
(87, 47, 'Enos Dach II', 'Magnam voluptate facilis recusandae maxime. Accusamus voluptas dolorem inventore voluptatibus. Maxime odit suscipit officiis repellat necessitatibus. Quaerat eos sequi dicta quis unde voluptates.', 0, '2019-08-10 19:28:09', '2019-08-10 19:28:09'),
(88, 42, 'Prof. Kody Reynolds IV', 'Blanditiis voluptatem earum qui minima earum officiis. Esse repudiandae et repudiandae ullam aut quia.', 5, '2019-08-10 19:28:09', '2019-08-10 19:28:09'),
(89, 29, 'Aurelio Gusikowski', 'Sunt odio quia qui minus quaerat dolores. Ut voluptas odio ratione animi fugit iure corrupti ipsa. Maiores placeat magni nemo nemo nobis ut deleniti.', 2, '2019-08-10 19:28:09', '2019-08-10 19:28:09'),
(90, 32, 'Gussie Howe II', 'Impedit aut itaque ut dicta nostrum at quos. Consequuntur inventore et et numquam voluptatem quae. Maiores et accusantium magni sequi.', 1, '2019-08-10 19:28:09', '2019-08-10 19:28:09'),
(91, 26, 'Lennie Lubowitz', 'Quae nesciunt velit atque non voluptas quidem. Accusamus fuga et eaque. Ut voluptatibus iure et et sit debitis. Totam voluptates explicabo rerum sunt et illum nihil.', 4, '2019-08-10 19:28:09', '2019-08-10 19:28:09'),
(92, 13, 'Rashawn Hudson', 'Aspernatur qui et recusandae eos vel tempora. Aperiam provident quos quia qui. Doloremque aut omnis qui qui ut enim reiciendis consequatur. Amet impedit amet earum modi.', 4, '2019-08-10 19:28:10', '2019-08-10 19:28:10'),
(93, 16, 'Lila Towne', 'Odit asperiores non reiciendis iure laudantium eum similique. Praesentium nam quibusdam eveniet doloribus quia. At nihil nihil animi voluptatem quis vel voluptas. Blanditiis ut minima nisi dignissimos.', 1, '2019-08-10 19:28:10', '2019-08-10 19:28:10'),
(94, 28, 'Kasandra Kunde', 'Libero aliquam repellat iusto vel quibusdam. Ducimus repudiandae reiciendis sequi et cum.', 2, '2019-08-10 19:28:10', '2019-08-10 19:28:10'),
(95, 37, 'Mrs. Cecile Thiel DDS', 'Natus vitae optio et aperiam eaque. Non beatae magni sunt eveniet animi commodi. Ab omnis repellendus id ab.', 4, '2019-08-10 19:28:10', '2019-08-10 19:28:10'),
(96, 35, 'Dewitt Jakubowski', 'Recusandae quia vel quis et. Doloremque itaque est voluptatem amet fugiat omnis. Quia reiciendis et inventore autem reprehenderit accusantium ducimus et.', 0, '2019-08-10 19:28:10', '2019-08-10 19:28:10'),
(97, 19, 'Jazlyn Corkery', 'Ab tempora consequatur voluptatem fugit qui quam voluptatem. Rerum est quibusdam accusantium dolorem amet qui et cupiditate. Libero ut reprehenderit cum velit.', 5, '2019-08-10 19:28:11', '2019-08-10 19:28:11'),
(98, 25, 'Waldo Williamson', 'Consectetur nulla in sapiente nisi sit ducimus. Eligendi corporis enim et repudiandae. A fugit et deleniti ut libero necessitatibus molestiae. Repellat sed magni provident illum earum id.', 1, '2019-08-10 19:28:11', '2019-08-10 19:28:11'),
(99, 3, 'Silas Padberg Jr.', 'Ipsam sapiente eligendi quae consectetur. Ipsum dolore accusantium deserunt. Similique error quasi in porro.', 0, '2019-08-10 19:28:11', '2019-08-10 19:28:11'),
(100, 43, 'Lizzie Ankunding', 'Amet illum numquam nihil distinctio vero rem. Aspernatur iste voluptate unde vitae repudiandae delectus iste impedit. Nesciunt modi dicta voluptatibus repudiandae laborum ad. Suscipit et rem quasi explicabo debitis ab.', 2, '2019-08-10 19:28:11', '2019-08-10 19:28:11'),
(101, 16, 'Louvenia Abernathy', 'Accusamus labore quis magnam facere et. Blanditiis quo eos voluptatem nostrum officia ut voluptas. Ut non atque necessitatibus ut vel. Quidem quibusdam sint quasi sed occaecati qui consectetur hic.', 1, '2019-08-10 19:28:11', '2019-08-10 19:28:11'),
(102, 36, 'Nat Bayer', 'Illo sunt aut nesciunt. Animi fugit facilis esse reiciendis nihil eaque iste sit. Autem suscipit sit repellendus quidem. Similique dolorum voluptatem aut eaque.', 5, '2019-08-10 19:28:11', '2019-08-10 19:28:11'),
(103, 7, 'Prof. Murray Halvorson', 'Repudiandae eum deleniti velit vel. Mollitia distinctio at magnam. Rerum error et incidunt. Enim debitis nihil maiores repellendus et.', 3, '2019-08-10 19:28:12', '2019-08-10 19:28:12'),
(104, 42, 'Vivianne Bauch', 'Excepturi perferendis quis sit provident error possimus tempore. Quia qui eaque occaecati aut illum. Nesciunt sit deserunt quia id blanditiis quis reprehenderit. Ducimus voluptatem tempora dicta id nulla aut eius.', 1, '2019-08-10 19:28:12', '2019-08-10 19:28:12'),
(105, 32, 'Madonna Hoppe', 'Et dolores quia excepturi earum laborum nam quis omnis. Impedit illum nostrum aut nihil veniam ut consequatur dolores. Dicta sed magni sed eum sapiente et. Eos ipsam ut illum voluptas dolore.', 2, '2019-08-10 19:28:12', '2019-08-10 19:28:12'),
(106, 50, 'Chandler Nienow', 'Cum praesentium est recusandae adipisci repellendus. Earum accusantium nostrum nihil iure eveniet. Reprehenderit quia at iusto magnam ex cumque expedita iure. Sequi dolorem cumque iure aut commodi eaque molestiae.', 5, '2019-08-10 19:28:12', '2019-08-10 19:28:12'),
(107, 32, 'Dr. Howard Hills Sr.', 'Qui et nisi adipisci corporis totam cum. Porro provident sed sit harum.', 1, '2019-08-10 19:28:12', '2019-08-10 19:28:12'),
(108, 17, 'Chloe Robel', 'Eaque ducimus sed et culpa quia consequatur minus ipsum. Ut voluptate sed dolorem et rerum autem. Et ut quo ea et.', 5, '2019-08-10 19:28:12', '2019-08-10 19:28:12'),
(109, 5, 'Prof. Celestine Ortiz', 'Dolor nulla esse nihil deleniti sed totam. Perspiciatis velit quia quasi. Saepe molestiae porro sunt sint.', 2, '2019-08-10 19:28:12', '2019-08-10 19:28:12'),
(110, 31, 'Marilie Hudson', 'Quod sint perferendis dolores aut distinctio quia qui. Consequatur quasi beatae dolore sed doloremque aspernatur. Qui eaque eum sed eos facere.', 5, '2019-08-10 19:28:13', '2019-08-10 19:28:13'),
(111, 38, 'Jamarcus Lehner', 'Et consequuntur deleniti quis. Quo itaque non minus quod. Fugit alias sit deleniti deleniti.', 5, '2019-08-10 19:28:13', '2019-08-10 19:28:13'),
(112, 25, 'Tremaine Dickinson II', 'Vero sed blanditiis voluptatum omnis eveniet. Ullam quo cupiditate tempora ullam. Non odio qui ducimus aperiam omnis dolore.', 1, '2019-08-10 19:28:13', '2019-08-10 19:28:13'),
(113, 13, 'Dr. Billy Oberbrunner IV', 'Minus harum sit commodi facere corrupti. Eos ad fugiat suscipit.', 0, '2019-08-10 19:28:13', '2019-08-10 19:28:13'),
(114, 32, 'Brenna Christiansen', 'Odio aliquid autem ut sed. Unde qui nostrum esse. Aut et deleniti impedit ducimus sunt. Iste rerum veritatis quis.', 4, '2019-08-10 19:28:13', '2019-08-10 19:28:13'),
(115, 37, 'Beulah Tillman', 'Qui provident sit molestiae excepturi repellendus iusto. Ut quo eum nihil omnis deserunt qui. Blanditiis et beatae officiis necessitatibus nobis dolor.', 0, '2019-08-10 19:28:13', '2019-08-10 19:28:13'),
(116, 25, 'Maegan Lesch', 'Explicabo ut corporis quia necessitatibus a autem. Dolorem sed quae a fuga. Nemo minima soluta eaque facilis ipsa. Ea vitae voluptatem dolorum blanditiis veritatis sint eligendi deleniti.', 0, '2019-08-10 19:28:13', '2019-08-10 19:28:13'),
(117, 48, 'Frances Reilly', 'Ut nostrum quia velit totam. Minima consequuntur et cumque dolorem nobis impedit. Quo officiis ea debitis fugit perferendis. Perspiciatis dolorem quis consectetur.', 5, '2019-08-10 19:28:13', '2019-08-10 19:28:13'),
(118, 9, 'Xander Schmitt DDS', 'Necessitatibus et iure qui quos eius quos. Dolores reiciendis est impedit vel debitis. Ipsam tenetur et sint quam sit.', 0, '2019-08-10 19:28:14', '2019-08-10 19:28:14'),
(119, 14, 'Pierre Sawayn', 'Quam ad illum voluptatibus et labore maiores. Necessitatibus sunt cupiditate ex quia voluptatibus autem ducimus. Voluptatum nisi ipsa possimus illo voluptas et.', 0, '2019-08-10 19:28:14', '2019-08-10 19:28:14'),
(120, 29, 'Sage Heller', 'Nobis sunt voluptas repellat quia quidem mollitia. Ut odio et recusandae non autem. Sed corrupti repudiandae dolore veritatis.', 2, '2019-08-10 19:28:14', '2019-08-10 19:28:14'),
(121, 43, 'Arjun Schmitt', 'Nulla repellendus odit quia. Et quis voluptatem sit earum vel quidem. Repellendus omnis explicabo unde quisquam.', 3, '2019-08-10 19:28:14', '2019-08-10 19:28:14'),
(122, 13, 'Gilbert Altenwerth', 'Excepturi eos rerum distinctio fugit vel repellat nemo ipsa. Id debitis non amet dolores voluptatem corporis. Soluta dolor aut maiores deserunt nihil et culpa.', 2, '2019-08-10 19:28:14', '2019-08-10 19:28:14'),
(123, 19, 'Alberta Kreiger', 'Quo tempora sint aut est voluptates suscipit sit architecto. Dolorem blanditiis officiis labore. Aspernatur libero et aut officia eveniet. Et voluptates omnis vero incidunt sequi.', 4, '2019-08-10 19:28:14', '2019-08-10 19:28:14'),
(124, 14, 'Prof. Bobby Legros I', 'Nobis autem ut similique quibusdam. Saepe laborum distinctio et nam corrupti. Adipisci voluptatem saepe saepe quia debitis. Asperiores ut molestiae dolor expedita et.', 0, '2019-08-10 19:28:15', '2019-08-10 19:28:15'),
(125, 9, 'Margret Roob', 'Aspernatur error est placeat et veniam quasi neque. Iure dicta temporibus ut voluptatem. Officiis est laudantium voluptas quo enim non adipisci.', 4, '2019-08-10 19:28:15', '2019-08-10 19:28:15'),
(126, 17, 'Jazmin Schultz', 'Laboriosam ullam pariatur aperiam mollitia aut. Totam repellendus voluptatem enim tenetur. Quis qui incidunt impedit atque repellendus doloribus quod repellendus.', 3, '2019-08-10 19:28:15', '2019-08-10 19:28:15'),
(127, 31, 'Quentin Baumbach III', 'Recusandae et architecto non beatae. Fugit distinctio cumque labore sunt eos cum.', 4, '2019-08-10 19:28:15', '2019-08-10 19:28:15'),
(128, 49, 'Mrs. Laurie Brown III', 'Fuga dicta architecto illum aut. Minus cumque inventore necessitatibus rerum quod facilis error quod. Sit qui ut cumque natus aut illum iusto. Id deserunt consequatur quibusdam perferendis.', 3, '2019-08-10 19:28:15', '2019-08-10 19:28:15'),
(129, 30, 'Lukas Mraz', 'Ratione consequatur nihil molestias neque itaque quibusdam aut. Maxime sed molestiae rerum omnis quia. Sit tempore occaecati ea eaque.', 5, '2019-08-10 19:28:15', '2019-08-10 19:28:15'),
(130, 44, 'Richmond Stracke', 'Hic et ipsum officiis enim. Iste et qui inventore laboriosam dolorum voluptas. Quaerat quae et sequi sit rem et ipsa dolores. Voluptate natus fuga voluptatem.', 4, '2019-08-10 19:28:16', '2019-08-10 19:28:16'),
(131, 24, 'Jordane Herman', 'Nostrum qui soluta nihil sint consequatur non. Tempore omnis labore ea soluta at et. Ad iusto eum odio esse eius.', 2, '2019-08-10 19:28:16', '2019-08-10 19:28:16'),
(132, 19, 'Ms. Julianne Bayer', 'Asperiores rem inventore vel et maxime et tempore. Aut unde atque voluptas repellat consequuntur. Impedit id quis nihil.', 2, '2019-08-10 19:28:16', '2019-08-10 19:28:16'),
(133, 2, 'Alayna Hagenes', 'Omnis enim officiis aut magni qui. Est velit ratione laboriosam. Maiores nesciunt consequuntur vero esse sunt maiores eos optio. Alias maxime maiores sapiente ex hic est mollitia. Sint facilis commodi placeat in qui.', 4, '2019-08-10 19:28:16', '2019-08-10 19:28:16'),
(134, 35, 'Willow Funk', 'Repudiandae eligendi itaque aut et. Ad ducimus sapiente nostrum nam sint nulla. Sit culpa non voluptatem corporis ipsam.', 5, '2019-08-10 19:28:16', '2019-08-10 19:28:16'),
(135, 31, 'Mr. Raoul Ankunding MD', 'Ipsa alias odio fugit est corrupti quibusdam. Officiis eum et nesciunt velit voluptatem facilis.', 0, '2019-08-10 19:28:16', '2019-08-10 19:28:16'),
(136, 8, 'Richard Lueilwitz', 'Quidem sint ad quia culpa blanditiis vero quidem. Corporis exercitationem fuga eos natus eaque. Quaerat cumque ut distinctio a aut nesciunt beatae.', 4, '2019-08-10 19:28:17', '2019-08-10 19:28:17'),
(137, 48, 'Dr. Demetrius Schumm II', 'Harum omnis alias dolores rerum. Optio maiores molestiae modi. Deleniti dolores ex est optio. Et ut rem libero iure.', 3, '2019-08-10 19:28:17', '2019-08-10 19:28:17'),
(138, 29, 'Elbert Spencer', 'Quisquam veniam ab dolore. Unde fugiat similique aut alias. Ipsum eaque aliquam natus iste. At eos delectus rerum accusamus et dolore.', 4, '2019-08-10 19:28:17', '2019-08-10 19:28:17'),
(139, 41, 'Prof. Adele Hintz', 'Officia omnis beatae perferendis cum. Natus fuga molestias eum quia mollitia dolorem. Repellat veniam ea voluptates accusamus ipsum. Occaecati ad accusamus sunt temporibus tempora dolores.', 5, '2019-08-10 19:28:17', '2019-08-10 19:28:17'),
(140, 49, 'Jermey Marquardt', 'Sapiente voluptate aut at occaecati non iure beatae. Eligendi modi ex at quia voluptatem laboriosam. Rerum odio laudantium molestiae repellendus.', 2, '2019-08-10 19:28:17', '2019-08-10 19:28:17'),
(141, 5, 'Clotilde Gislason II', 'Dolorum quaerat harum dolores est numquam. Cum unde quod accusantium minima. Id quo consequatur repudiandae ipsum minus rerum nostrum illum.', 3, '2019-08-10 19:28:17', '2019-08-10 19:28:17'),
(142, 1, 'Ms. Maud Harber DVM', 'Nobis deserunt nam nihil ex in. Aut quia id consequuntur ducimus sit sunt similique. Consequatur omnis ducimus officia in enim et.', 2, '2019-08-10 19:28:17', '2019-08-10 19:28:17'),
(143, 23, 'Mr. Reece Hermann', 'Tempora nam sed voluptas quo odio est magni. A doloremque eius dignissimos. Quidem nostrum eaque voluptatum sed doloremque. Dolorem consequatur aliquam esse adipisci. Nobis et quae est distinctio.', 2, '2019-08-10 19:28:17', '2019-08-10 19:28:17'),
(144, 37, 'Prof. Mohammad Pagac', 'Sequi vitae quis quasi necessitatibus non eveniet. Impedit et et ut modi.', 4, '2019-08-10 19:28:18', '2019-08-10 19:28:18'),
(145, 49, 'Ruby King', 'Eum consectetur labore vel voluptatibus. Provident blanditiis fugiat dolore doloremque quae quis est ducimus. Quia praesentium est officia aspernatur est voluptatem.', 3, '2019-08-10 19:28:18', '2019-08-10 19:28:18'),
(146, 1, 'Domenick Swift', 'Nihil ut ut quis dolor. Ratione et modi hic magnam. Eos assumenda sint omnis porro quia placeat aut expedita.', 0, '2019-08-10 19:28:18', '2019-08-10 19:28:18'),
(147, 43, 'Prof. Manuel Rodriguez', 'Molestiae non voluptatum quod. Et dicta eum vel. Praesentium culpa beatae sit laborum tenetur sapiente. Ipsam qui numquam enim accusamus excepturi autem.', 4, '2019-08-10 19:28:18', '2019-08-10 19:28:18'),
(148, 42, 'Corene Lindgren', 'Quod nemo nam tenetur aut ex exercitationem. Id eius ea aspernatur facere. Aliquam mollitia eaque aut omnis repellendus molestiae eos. Nihil ipsa aut officia voluptatibus ullam et.', 5, '2019-08-10 19:28:19', '2019-08-10 19:28:19'),
(149, 32, 'Marilie Schultz', 'Modi iste quam nesciunt ipsum quo rerum recusandae. Eum est architecto ut qui et eum earum.', 5, '2019-08-10 19:28:19', '2019-08-10 19:28:19'),
(150, 20, 'Bessie Gaylord', 'Quo cumque sit veritatis commodi. Voluptatibus ad cupiditate eveniet ea porro quas rerum. Accusamus delectus eos aut. Rerum delectus beatae accusantium.', 0, '2019-08-10 19:28:19', '2019-08-10 19:28:19'),
(151, 22, 'Edmond Armstrong', 'Rem inventore eligendi facilis ut. Perspiciatis vitae animi est distinctio vel. Itaque et id quia nihil molestias assumenda. Vel consequatur dolorem est commodi nam dolor et tempore.', 2, '2019-08-10 19:28:19', '2019-08-10 19:28:19'),
(152, 6, 'Leonard Glover', 'Alias ipsam vel at qui dicta. Officiis totam labore ullam dolorem reprehenderit cum. Et molestiae eum sunt vero similique dolores doloremque. Omnis sit iusto in optio qui.', 1, '2019-08-10 19:28:19', '2019-08-10 19:28:19'),
(153, 37, 'Glenda Walter I', 'Consectetur qui repellat eos et eum eveniet alias. Voluptatem quos est nihil rem. Rerum laboriosam voluptatibus aliquid.', 5, '2019-08-10 19:28:19', '2019-08-10 19:28:19'),
(154, 3, 'Miss Katherine Maggio PhD', 'Est et doloribus quia ab nemo odio aliquid. Molestiae ab quisquam nemo. Totam et voluptatum quis sed recusandae. Recusandae amet tempora ea eius et.', 4, '2019-08-10 19:28:19', '2019-08-10 19:28:19'),
(155, 39, 'Miss Hailie Hammes', 'Porro ullam et ad praesentium. Sit et et sapiente aut beatae quibusdam. Vel occaecati odit hic.', 5, '2019-08-10 19:28:20', '2019-08-10 19:28:20'),
(156, 21, 'Griffin Pagac', 'Itaque corporis inventore tempora vero. Tempore qui dolore expedita qui hic quam. Dolorum aut tempora sit quas velit. Aut aut cupiditate deleniti enim.', 5, '2019-08-10 19:28:20', '2019-08-10 19:28:20'),
(157, 35, 'Dr. Eugene Robel', 'Modi recusandae laudantium vero ut sit ex. Sint maxime ut voluptatem. Suscipit doloremque facilis autem neque. Ducimus reiciendis rerum accusamus. Laborum rem ut at quos explicabo.', 1, '2019-08-10 19:28:20', '2019-08-10 19:28:20'),
(158, 33, 'Mr. Rey Robel', 'Sequi et necessitatibus doloribus qui unde. Doloribus rerum perferendis eligendi necessitatibus veritatis libero. Aut consectetur doloribus eum. Voluptatem sed et libero ea eveniet et.', 3, '2019-08-10 19:28:21', '2019-08-10 19:28:21'),
(159, 31, 'Neil Morar', 'Quaerat cum dolor natus numquam et aut repudiandae eum. Qui necessitatibus non nemo hic ut perspiciatis rerum nisi. Tempora et consectetur neque cumque qui perspiciatis. Dolor fuga ullam corrupti qui est dolore libero.', 1, '2019-08-10 19:28:21', '2019-08-10 19:28:21'),
(160, 4, 'Miss Meta Gusikowski', 'Doloribus in qui eaque ea. Et temporibus eveniet molestias expedita sed.', 3, '2019-08-10 19:28:21', '2019-08-10 19:28:21'),
(161, 27, 'Dr. Jovani Feest DDS', 'Provident occaecati quo doloribus facilis fuga architecto omnis ullam. Minus repudiandae ullam velit veniam nam ipsam ab. Alias in et eveniet tenetur labore consequatur voluptas.', 1, '2019-08-10 19:28:21', '2019-08-10 19:28:21'),
(162, 44, 'Lori Bogan Jr.', 'Quas neque sunt sed. Quo et et totam. Qui qui esse praesentium doloremque ipsum. In quos praesentium voluptas aut dolorem labore dicta.', 1, '2019-08-10 19:28:21', '2019-08-10 19:28:21'),
(163, 22, 'Vito Abshire II', 'Facere non libero amet maxime eius cupiditate est perferendis. Dolor maxime omnis eius nulla possimus nulla. Non iure vel quis voluptas. Temporibus et molestias enim in corporis et aut.', 1, '2019-08-10 19:28:22', '2019-08-10 19:28:22'),
(164, 36, 'Ola Legros', 'Eum totam omnis ab et. Fuga ut voluptates fuga ad. Reprehenderit placeat vitae aspernatur architecto iure et est non. Sit porro libero soluta inventore in.', 5, '2019-08-10 19:28:22', '2019-08-10 19:28:22'),
(165, 50, 'Dr. Abagail Kutch', 'Hic molestiae earum aspernatur totam recusandae dolor rem laborum. Consequuntur est sapiente quibusdam nisi esse. Nulla ab id est aut magni.', 2, '2019-08-10 19:28:22', '2019-08-10 19:28:22'),
(166, 39, 'Mr. Theron Hermann', 'Consequatur est aut voluptatem vel id. Nulla aliquid voluptas aut rerum. Voluptatem fugit temporibus alias aut esse. Quo et explicabo ipsa id.', 4, '2019-08-10 19:28:22', '2019-08-10 19:28:22'),
(167, 32, 'Roscoe Bauch', 'Est unde natus ducimus iure minima nisi. Est dolores modi voluptate aut dolorem quidem. Sunt aut iste excepturi veniam ipsum. Delectus et totam nostrum quo. Molestiae consequatur rerum est accusantium autem.', 1, '2019-08-10 19:28:22', '2019-08-10 19:28:22'),
(168, 8, 'Prof. Vada Rippin DDS', 'Quam sint magnam est quas. Eaque non fuga soluta eveniet ut error dolores. Facere soluta repellat eveniet nostrum eum ipsum voluptatum reprehenderit.', 0, '2019-08-10 19:28:23', '2019-08-10 19:28:23'),
(169, 44, 'Willa Lowe', 'Qui sit nihil eum reprehenderit velit sit. Vero molestiae veniam ad ea. Officia odit dolorum perferendis dignissimos ut id.', 4, '2019-08-10 19:28:23', '2019-08-10 19:28:23'),
(170, 38, 'Darian Robel', 'Impedit qui perspiciatis dolorem vel cumque. Officia non perspiciatis vitae id error ut. Reiciendis labore aliquid qui suscipit veritatis beatae quis.', 4, '2019-08-10 19:28:23', '2019-08-10 19:28:23'),
(171, 19, 'Dr. Liana Thompson', 'Nesciunt recusandae deleniti soluta deleniti totam cupiditate. Reiciendis aperiam nesciunt aperiam nisi omnis. Qui minus aut excepturi consequatur omnis ipsam. Ex voluptas quisquam quia illo aut.', 4, '2019-08-10 19:28:23', '2019-08-10 19:28:23'),
(172, 6, 'Loyal Reilly', 'Est dignissimos consequuntur voluptas vel. Culpa minus quo rerum a. Sequi illo ipsa reprehenderit hic.', 5, '2019-08-10 19:28:24', '2019-08-10 19:28:24'),
(173, 45, 'Dr. Alysha Kulas DDS', 'Quaerat ex quo quo sit quo distinctio. Dolore consequuntur ullam id et eligendi atque et voluptatum. Quia totam et soluta beatae voluptatem error. Culpa assumenda quaerat expedita aut dolorem.', 2, '2019-08-10 19:28:24', '2019-08-10 19:28:24'),
(174, 29, 'Randal Yundt', 'Rem et sit sint doloremque ut autem. Quisquam laborum qui sit. Enim sit adipisci magni.', 0, '2019-08-10 19:28:24', '2019-08-10 19:28:24'),
(175, 30, 'Hilario Swift', 'Est iusto unde mollitia iusto quod officia ut. Reiciendis et voluptatum non quia dolor impedit. Praesentium perferendis ipsum necessitatibus laboriosam corporis libero iusto. Voluptatum accusamus consectetur at sunt.', 1, '2019-08-10 19:28:24', '2019-08-10 19:28:24'),
(176, 20, 'Cesar McClure', 'Labore assumenda natus aut excepturi. Vel voluptates porro dolorem quia. Nobis laborum aut aliquam et voluptas. Consequatur qui qui et dolor facere ipsa. Nihil voluptate dolores nostrum dignissimos.', 5, '2019-08-10 19:28:24', '2019-08-10 19:28:24'),
(177, 25, 'Jamarcus Bashirian', 'Non autem ratione ipsum dolore illum. Eum quisquam provident mollitia corrupti nostrum magni. Suscipit sed et delectus nisi. Nisi occaecati omnis officia velit earum.', 2, '2019-08-10 19:28:24', '2019-08-10 19:28:24'),
(178, 20, 'Ismael Buckridge', 'Sint aut aut mollitia praesentium. Totam dolor sed omnis nulla optio aut velit nihil. Qui vel id placeat nisi consequatur.', 1, '2019-08-10 19:28:25', '2019-08-10 19:28:25'),
(179, 21, 'Maximillian Thiel', 'Minima maxime at distinctio nulla vero enim in. Sequi occaecati aut ad dolore est qui sequi. Mollitia soluta fuga quo in exercitationem. Quasi velit distinctio placeat eligendi quia.', 2, '2019-08-10 19:28:25', '2019-08-10 19:28:25'),
(180, 34, 'Monica Weber Jr.', 'Aut quo blanditiis nam a praesentium aut. In non quis quam iusto sed ullam. Et qui voluptatem rerum.', 0, '2019-08-10 19:28:25', '2019-08-10 19:28:25'),
(181, 2, 'Abbigail Mills', 'Qui mollitia et cum sed quos. Qui est eveniet et provident dolor officiis. Qui dolor et maiores cupiditate dicta.', 4, '2019-08-10 19:28:25', '2019-08-10 19:28:25'),
(182, 9, 'Tanner Denesik', 'Sapiente molestias quis perspiciatis reprehenderit unde. Voluptas odit ducimus repellendus. Necessitatibus dolor ex maiores.', 4, '2019-08-10 19:28:25', '2019-08-10 19:28:25'),
(183, 43, 'Joany Lynch', 'Aut id perferendis totam aspernatur consequatur. Culpa voluptatibus quae debitis qui. Consequatur earum pariatur sed suscipit nam. Reiciendis rerum quibusdam impedit voluptatibus earum.', 4, '2019-08-10 19:28:26', '2019-08-10 19:28:26'),
(184, 43, 'Jamal Fay Jr.', 'Tempore atque ut id quisquam et dolorem. Quia consectetur occaecati explicabo molestiae.', 0, '2019-08-10 19:28:26', '2019-08-10 19:28:26'),
(185, 43, 'Prof. Finn Larson', 'Libero tenetur omnis aut fugit cum ipsam. Et debitis eos voluptatum at fugit sit ipsum.', 0, '2019-08-10 19:28:26', '2019-08-10 19:28:26'),
(186, 27, 'Prof. Alexzander Konopelski MD', 'Ea et ipsam eaque facere velit iste. Corrupti qui illo impedit repudiandae est. Consequatur omnis voluptas unde illum repudiandae.', 2, '2019-08-10 19:28:26', '2019-08-10 19:28:26'),
(187, 48, 'Layne Veum Sr.', 'Est aut et est ad. Ut sit aut ipsam iste. Nesciunt ipsum illum occaecati sed odio nihil quisquam. A et ut adipisci a ut nisi eaque.', 5, '2019-08-10 19:28:27', '2019-08-10 19:28:27'),
(188, 15, 'Paolo Wilkinson', 'Dolorum illum iste fugiat eius id aut. Aut tempore rerum architecto id molestiae rerum. Expedita voluptates illo accusamus qui. Et aliquid ipsam iste optio dolores.', 4, '2019-08-10 19:28:28', '2019-08-10 19:28:28'),
(189, 47, 'Prof. Matt Kohler', 'Nihil magni ea similique esse minus quae facere molestiae. Labore quasi sed id et veniam id. Veritatis doloremque fugiat consequuntur neque dolore. Corrupti tenetur accusamus fugit voluptates natus perferendis saepe.', 2, '2019-08-10 19:28:28', '2019-08-10 19:28:28'),
(190, 6, 'Dr. Quentin Heathcote', 'Quibusdam quibusdam animi quia ut quae sit adipisci et. Sunt reprehenderit sit adipisci repudiandae. Rerum aut id et sed ipsam. Quis ullam ad id magnam non qui.', 2, '2019-08-10 19:28:28', '2019-08-10 19:28:28'),
(191, 47, 'Dr. Keon Haley DDS', 'Mollitia magnam facilis explicabo officia eaque velit rem. Neque nam quas et dolor culpa debitis aut. Voluptas nulla eligendi et laboriosam nobis voluptate.', 0, '2019-08-10 19:28:28', '2019-08-10 19:28:28'),
(192, 22, 'Tobin Effertz', 'Dignissimos alias quos esse ex quia facilis. Vel sed ad iusto vel dolores. Ea enim asperiores aut odio.', 0, '2019-08-10 19:28:28', '2019-08-10 19:28:28'),
(193, 40, 'Edison Jones II', 'Ipsam sint voluptatem voluptatibus. Id corrupti et ea sunt autem doloribus vero. Reprehenderit doloremque quisquam inventore accusamus similique. Ut recusandae est blanditiis porro saepe.', 0, '2019-08-10 19:28:28', '2019-08-10 19:28:28'),
(194, 32, 'Dr. Zane Gerlach III', 'In quia hic non. Aliquam eos qui quibusdam repellendus voluptatem numquam sunt. Officia aliquam occaecati maiores aperiam perspiciatis. Reprehenderit quod nisi pariatur quia dolorem voluptatem atque fugiat.', 1, '2019-08-10 19:28:28', '2019-08-10 19:28:28'),
(195, 46, 'Schuyler Hegmann', 'Et sed nesciunt aut possimus perspiciatis voluptate. Fugit sed molestias aliquam ex est et ratione. Odio ut iure eligendi error soluta.', 3, '2019-08-10 19:28:29', '2019-08-10 19:28:29'),
(196, 44, 'Mrs. Felipa Dibbert MD', 'Modi deleniti et est accusantium. Ab veritatis enim qui.', 1, '2019-08-10 19:28:29', '2019-08-10 19:28:29'),
(197, 19, 'Dejon Friesen PhD', 'Ut quisquam est voluptate omnis totam. Nam quia quia sed quos doloremque ipsa. Saepe mollitia repudiandae reprehenderit quis. Ullam doloremque distinctio possimus fugiat voluptatem sint.', 0, '2019-08-10 19:28:29', '2019-08-10 19:28:29'),
(198, 31, 'Georgianna Turcotte', 'Saepe deleniti dolorem hic distinctio quo quis rerum excepturi. Enim ut accusantium unde voluptatibus consequatur. Ex atque cupiditate nesciunt sed earum ut nesciunt. Deleniti dolorem aliquid ut non ipsum.', 1, '2019-08-10 19:28:29', '2019-08-10 19:28:29'),
(199, 28, 'Miss Gwendolyn Kuhic', 'Dolorem velit mollitia voluptatum incidunt. Et sunt quo autem magnam quis. Autem suscipit numquam nostrum odio et debitis eos.', 4, '2019-08-10 19:28:29', '2019-08-10 19:28:29'),
(200, 36, 'Sigurd Robel DDS', 'Iste vero unde rerum iste distinctio minus. Possimus fuga nulla unde corporis repellat. Adipisci alias delectus alias laudantium doloremque eos. Modi qui commodi alias explicabo enim et.', 2, '2019-08-10 19:28:29', '2019-08-10 19:28:29'),
(201, 39, 'Marcus Morissette', 'Qui qui aliquid repudiandae placeat molestiae molestiae. Velit vitae ut temporibus magni. Temporibus consequatur eligendi ad dolores placeat ut aliquid. Vel fugit qui adipisci debitis et.', 5, '2019-08-10 19:28:29', '2019-08-10 19:28:29'),
(202, 22, 'Clarabelle Paucek IV', 'Est aut in ipsa nostrum totam et. Dolores nemo aut voluptatum quia ipsa necessitatibus. Omnis accusantium eum sunt et natus aut error. Numquam qui vel rerum aut aut neque ea.', 5, '2019-08-10 19:28:29', '2019-08-10 19:28:29'),
(203, 11, 'Ruthie Labadie', 'Minima repudiandae omnis dolor ut. Non sed consequatur omnis nostrum quia perspiciatis. Rem iusto debitis ut beatae sint ea qui. Voluptatibus iste aut cupiditate voluptatem in maxime.', 3, '2019-08-10 19:28:30', '2019-08-10 19:28:30'),
(204, 27, 'Prof. Genesis Hintz IV', 'Deleniti quasi id consequatur consequatur qui aut. Corrupti aut dolorum a harum. Quo quis cumque rem.', 1, '2019-08-10 19:28:30', '2019-08-10 19:28:30'),
(205, 20, 'Frederic Hodkiewicz', 'Aut occaecati provident enim eaque sunt. Provident suscipit eligendi nihil enim. Omnis vel commodi eum vel incidunt et qui illo. Accusantium sit sint quo.', 4, '2019-08-10 19:28:30', '2019-08-10 19:28:30'),
(206, 33, 'Brenda Marvin DDS', 'Sed optio harum asperiores dolores sequi. Sunt ipsum cum necessitatibus sunt voluptatibus culpa.', 1, '2019-08-10 19:28:30', '2019-08-10 19:28:30'),
(207, 33, 'Ted Collier', 'Iusto veritatis sed repellendus. Quia quae temporibus error ut ea. Odio aut autem itaque ex eligendi. Aut eius recusandae ut assumenda.', 4, '2019-08-10 19:28:30', '2019-08-10 19:28:30'),
(208, 43, 'Prof. Maegan McDermott III', 'Animi ab odio et ratione. Eligendi quibusdam eaque nihil iure consequatur harum. Molestiae deleniti temporibus totam molestiae aliquam doloremque sit.', 4, '2019-08-10 19:28:30', '2019-08-10 19:28:30'),
(209, 10, 'Dr. Dereck Schinner DDS', 'Quidem deleniti molestiae ut officiis deleniti. Expedita consectetur dolores eligendi. Ad expedita mollitia quia quia.', 3, '2019-08-10 19:28:30', '2019-08-10 19:28:30'),
(210, 50, 'Angeline Weimann', 'Dignissimos velit et ipsam nisi animi. Beatae libero cum cum libero dolorem consequatur tenetur.', 1, '2019-08-10 19:28:31', '2019-08-10 19:28:31'),
(211, 4, 'Davion Hermann', 'Minima repellendus totam voluptas a beatae. Repellendus incidunt qui nemo id maiores. Quis nostrum sit sapiente nesciunt. Architecto quam similique ducimus veniam eaque enim.', 5, '2019-08-10 19:28:31', '2019-08-10 19:28:31'),
(212, 20, 'Vergie O\'Reilly', 'Et voluptas sed et quia. Similique sunt omnis aut ducimus est ut. Nihil qui qui excepturi unde minus architecto et. Architecto laudantium explicabo placeat fugit quod accusamus.', 4, '2019-08-10 19:28:31', '2019-08-10 19:28:31'),
(213, 23, 'Andy Feest', 'Sed atque corporis quia illum ducimus porro esse minus. Voluptatibus assumenda consequatur consequatur vitae. Magni sint molestiae voluptatem quas molestiae. Quia tenetur nesciunt iure cum tenetur eveniet.', 4, '2019-08-10 19:28:31', '2019-08-10 19:28:31');
INSERT INTO `reviews` (`id`, `product_id`, `customer`, `review`, `star`, `created_at`, `updated_at`) VALUES
(214, 47, 'Miss Elyssa Pfeffer II', 'Qui et nulla temporibus asperiores reprehenderit et sint dolor. Ex nisi eligendi sed explicabo necessitatibus error. Maxime qui eaque et dolorem temporibus et dolores. Provident sed eligendi molestiae. Natus iste vel et velit repellendus.', 3, '2019-08-10 19:28:31', '2019-08-10 19:28:31'),
(215, 49, 'Oceane Upton', 'Veniam sapiente est ducimus neque. Accusantium facilis rerum veniam inventore. Necessitatibus neque illo iure alias est corporis quidem et. Laudantium inventore ad dolores laudantium quia.', 3, '2019-08-10 19:28:31', '2019-08-10 19:28:31'),
(216, 37, 'Karlie Gerhold', 'Ducimus ut perferendis impedit ab veritatis temporibus. Alias blanditiis voluptas rerum. Dicta quis et neque impedit iste.', 3, '2019-08-10 19:28:31', '2019-08-10 19:28:31'),
(217, 45, 'Miss Joanie Hayes', 'Voluptas soluta deserunt inventore magnam similique tenetur ut. Aliquid eos impedit itaque quidem ipsam quas dolorem. Rem aut ipsam dolorem molestias quas molestiae aut dolorum. Cum non quod iusto asperiores et doloremque quo.', 1, '2019-08-10 19:28:32', '2019-08-10 19:28:32'),
(218, 43, 'Dr. Furman Ankunding III', 'In incidunt odit et officia. Expedita cumque quod repellendus. Sunt numquam est similique aut consequatur beatae.', 4, '2019-08-10 19:28:32', '2019-08-10 19:28:32'),
(219, 32, 'Gunnar Zieme', 'Quos sint animi labore ratione. Maiores tempora saepe omnis voluptatem voluptatem doloribus culpa. Quia rerum ipsum corrupti assumenda adipisci ut.', 5, '2019-08-10 19:28:32', '2019-08-10 19:28:32'),
(220, 27, 'Devyn Torp', 'Doloremque maxime nisi aut quod repudiandae et qui. Aut recusandae accusantium doloribus laudantium accusamus quis qui eum. Ratione officia eum rerum eveniet minima sed. Aut eos doloremque consequatur commodi magni quaerat molestias.', 1, '2019-08-10 19:28:32', '2019-08-10 19:28:32'),
(221, 23, 'Dahlia Kilback', 'Reprehenderit perferendis expedita quos tempora provident. Necessitatibus dolor sit sint. Hic eaque velit ullam placeat ea.', 1, '2019-08-10 19:28:33', '2019-08-10 19:28:33'),
(222, 12, 'Crystal Walsh', 'Et sed nihil ea. Sit voluptas consectetur dignissimos a cumque et et. Accusantium qui rerum cupiditate.', 4, '2019-08-10 19:28:33', '2019-08-10 19:28:33'),
(223, 44, 'Prof. Damien Konopelski', 'Illum libero eos cupiditate illo. Quia ducimus voluptatum ut explicabo animi. Velit voluptatem incidunt quasi et.', 1, '2019-08-10 19:28:33', '2019-08-10 19:28:33'),
(224, 48, 'Haleigh Nikolaus', 'Quasi sint quam quasi sit. Necessitatibus a architecto sit autem facilis sint. Soluta at ut ut et ea.', 3, '2019-08-10 19:28:33', '2019-08-10 19:28:33'),
(225, 26, 'Mr. Frederic Sanford', 'Libero animi omnis nam qui architecto ipsum ut. Consequatur cum dolores ratione laudantium. Et quibusdam aut rerum alias.', 2, '2019-08-10 19:28:33', '2019-08-10 19:28:33'),
(226, 37, 'Gay Bosco', 'Laboriosam nemo maxime nostrum repudiandae quia. Neque velit minima illo minima nulla quibusdam ut. Deleniti dolores ut deserunt et ut. Hic quia unde quo maxime consequatur.', 1, '2019-08-10 19:28:33', '2019-08-10 19:28:33'),
(227, 39, 'Prof. Immanuel Dicki', 'Labore minus facere sapiente officiis labore. Dignissimos ipsum eos amet rerum commodi porro quo. Veritatis consequatur illo placeat esse dolorum. Architecto ab sed pariatur excepturi.', 3, '2019-08-10 19:28:33', '2019-08-10 19:28:33'),
(228, 17, 'Sarina Hartmann', 'Nihil qui sit est sed officiis rerum at. Et consequuntur explicabo architecto dolor soluta fuga facere consequatur. A ducimus voluptates natus est qui et illum. Eum asperiores placeat vitae doloremque id aliquid molestias accusamus.', 5, '2019-08-10 19:28:34', '2019-08-10 19:28:34'),
(229, 22, 'Mrs. Neva Kuhlman Jr.', 'Sit qui maiores accusamus et. Consequuntur repellat delectus facere iure. Quia aspernatur odit ut eum iste quas.', 2, '2019-08-10 19:28:34', '2019-08-10 19:28:34'),
(230, 22, 'Hettie Graham MD', 'Perspiciatis sunt ea omnis ea facere ullam. Dicta officia fuga eos nihil sunt consequuntur repellat aut. Officiis adipisci autem fugit quaerat maxime deserunt doloribus. Nam quam nesciunt laboriosam sed voluptatibus in perspiciatis.', 4, '2019-08-10 19:28:34', '2019-08-10 19:28:34'),
(231, 5, 'Randal Feeney', 'Reiciendis et rem totam asperiores commodi inventore. Laboriosam qui tempore error voluptatem. Numquam provident sed iste quisquam quam consequuntur iste.', 2, '2019-08-10 19:28:34', '2019-08-10 19:28:34'),
(232, 27, 'Hassie Gottlieb DDS', 'Sed labore quo reiciendis non velit. Maxime exercitationem labore aspernatur qui rem. A odit provident quidem doloremque libero voluptatum amet.', 1, '2019-08-10 19:28:34', '2019-08-10 19:28:34'),
(233, 16, 'Earnestine Hauck', 'Dolorem est ea consequatur mollitia. Accusantium quibusdam voluptatem et dolor ipsum sit quia ipsam. Et ut nulla eum enim illo maxime quod. Facilis tempore minus autem quo numquam et est. Est ea sit qui soluta velit.', 5, '2019-08-10 19:28:35', '2019-08-10 19:28:35'),
(234, 48, 'Mr. Bud Wiegand I', 'Sed odit natus totam fugiat eum. Accusantium ut accusantium accusantium adipisci. Quasi perspiciatis nesciunt eos. Non laudantium quis laboriosam quis eius. Autem aut qui aut mollitia reiciendis ut quam.', 1, '2019-08-10 19:28:35', '2019-08-10 19:28:35'),
(235, 37, 'Damien Howell', 'Expedita voluptas et aliquam accusamus. Illum temporibus ipsam officia quia iste et cupiditate et. Eligendi earum facilis rem vitae qui sint impedit. Ducimus fuga facere facere distinctio.', 1, '2019-08-10 19:28:35', '2019-08-10 19:28:35'),
(236, 36, 'Jeromy Rowe', 'Et consectetur aliquid eos ipsum dolor aut aliquid aut. Tenetur rerum nostrum consequatur at odio. Ea ut excepturi dolor ut voluptatem esse. Ipsam perspiciatis voluptatibus commodi eum et tenetur.', 4, '2019-08-10 19:28:35', '2019-08-10 19:28:35'),
(237, 42, 'Prof. Yvette Rempel', 'Fugiat cum et porro non. Eveniet voluptas in at quod et est quia. Et quis neque fugit.', 5, '2019-08-10 19:28:35', '2019-08-10 19:28:35'),
(238, 34, 'Garett Wuckert', 'Dolor temporibus voluptas deleniti accusantium. Enim atque perspiciatis numquam cupiditate eos consequatur voluptas.', 1, '2019-08-10 19:28:36', '2019-08-10 19:28:36'),
(239, 24, 'Prof. Orrin Purdy', 'Ullam aperiam qui placeat consequatur est. Consequatur nihil doloribus blanditiis dolores dolore.', 4, '2019-08-10 19:28:36', '2019-08-10 19:28:36'),
(240, 8, 'Samson DuBuque', 'Quia vel optio officiis temporibus. Sit ex odit non. Enim cum perferendis et rerum aspernatur ea. Facere eaque ea dignissimos sunt quisquam laudantium rerum facilis.', 0, '2019-08-10 19:28:36', '2019-08-10 19:28:36'),
(241, 16, 'Dr. Savion Harvey', 'Consequuntur enim nihil delectus alias est eos sed. Consectetur qui autem cum beatae. Vitae adipisci voluptatem qui consequuntur facere sequi dolor. Perferendis perferendis dolores neque repellat nemo quasi nemo corrupti.', 1, '2019-08-10 19:28:36', '2019-08-10 19:28:36'),
(242, 46, 'Quinn Reichel', 'Amet quae quia aut iure. Ducimus amet natus quod facilis mollitia aut. Earum dolore similique quia ut sed vitae.', 0, '2019-08-10 19:28:36', '2019-08-10 19:28:36'),
(243, 9, 'Mr. Kay Murphy', 'Corporis ducimus delectus consequatur laborum cum repellendus similique. Dolores est perspiciatis et. Natus quaerat in nobis eum dolores. Eos animi esse dolorum voluptas cum porro soluta.', 5, '2019-08-10 19:28:36', '2019-08-10 19:28:36'),
(244, 38, 'Cory Carter', 'Et commodi architecto modi quae eos rerum. Est nihil iure consectetur fuga sunt minus. A amet voluptatem et iusto corporis quia excepturi. Eveniet optio quidem cumque vel sit cumque illo aut.', 4, '2019-08-10 19:28:36', '2019-08-10 19:28:36'),
(245, 4, 'Isabel Rodriguez', 'Facilis ut recusandae ut et qui. Nulla non est iste id explicabo incidunt nihil. Maiores fugit fuga temporibus atque maxime dolorum. Et excepturi nisi inventore ipsam. Voluptatem beatae et eveniet et culpa.', 1, '2019-08-10 19:28:37', '2019-08-10 19:28:37'),
(246, 7, 'Miss Pansy Pacocha', 'Et dolorem deleniti nulla non odit. Dignissimos porro est quia quia ut. Accusantium repudiandae natus alias totam consequatur quibusdam.', 4, '2019-08-10 19:28:37', '2019-08-10 19:28:37'),
(247, 25, 'Camryn Raynor', 'Quis eaque sit perspiciatis odio animi non eaque. Alias accusamus recusandae qui voluptates sit dolorem sunt voluptate. Nisi et quia est voluptatum harum dolor. Molestiae possimus ratione ipsam labore. Nam occaecati eum est autem illum necessitatibus quidem.', 5, '2019-08-10 19:28:37', '2019-08-10 19:28:37'),
(248, 13, 'Dr. Nikolas Okuneva Jr.', 'Quidem aut dolorem sed dolorem. Qui at necessitatibus a necessitatibus. Nesciunt impedit eveniet magni cupiditate qui doloribus. Dolor illo sint animi vero sunt.', 4, '2019-08-10 19:28:37', '2019-08-10 19:28:37'),
(249, 6, 'Desmond Reichel', 'Dolores veritatis voluptate et ipsa officiis quia hic. Qui dicta ut possimus ea a. Aspernatur et deserunt numquam consequatur dolorem.', 0, '2019-08-10 19:28:38', '2019-08-10 19:28:38'),
(250, 49, 'Toby Schaden', 'Asperiores accusantium consequuntur placeat quas. Harum sequi et unde inventore suscipit culpa quidem. Ut et rerum doloremque iure ut illo similique nostrum. Et natus ut et veniam.', 1, '2019-08-10 19:28:38', '2019-08-10 19:28:38'),
(251, 26, 'Marc Witting', 'Vel blanditiis sunt aliquam porro sed. Distinctio ratione quos dolores. Quis ut dolor quam dolor saepe. Ipsa eum eligendi sequi qui quia molestias.', 0, '2019-08-10 19:28:38', '2019-08-10 19:28:38'),
(252, 7, 'Pedro Predovic', 'Totam labore cum voluptas qui odit accusamus perspiciatis. Voluptatem delectus excepturi numquam consectetur. Dolores consectetur rerum nulla itaque occaecati vitae atque. Voluptatem doloribus nihil ut consectetur id vero mollitia. Nesciunt delectus ea eum beatae et laboriosam praesentium reiciendis.', 1, '2019-08-10 19:28:38', '2019-08-10 19:28:38'),
(253, 3, 'Prof. Marcella Becker Sr.', 'Vero nesciunt quis impedit asperiores id velit quia in. Magnam et harum rerum magni. Labore eaque reiciendis atque deleniti tenetur praesentium et. Illo aspernatur nobis qui quia beatae natus quos.', 5, '2019-08-10 19:28:38', '2019-08-10 19:28:38'),
(254, 49, 'Prof. Sydney Durgan II', 'Eos quaerat odio similique dolorum inventore rerum. Ex itaque sapiente modi explicabo doloremque voluptatem. Ut fugiat quae necessitatibus voluptatem similique. Nemo illo velit ipsam iure aut doloremque voluptatem. Est quod rerum qui placeat dolores eos distinctio consequuntur.', 5, '2019-08-10 19:28:39', '2019-08-10 19:28:39'),
(255, 23, 'Keeley O\'Reilly', 'Fuga nobis ipsam incidunt nulla quia pariatur. Est eum quod assumenda inventore.', 4, '2019-08-10 19:28:39', '2019-08-10 19:28:39'),
(256, 20, 'Sigurd Hagenes', 'Voluptas natus accusantium corrupti veniam et. Veniam non aliquam rerum ut aut necessitatibus quo. Numquam exercitationem doloribus qui id dicta. Aut possimus assumenda eum pariatur.', 2, '2019-08-10 19:28:39', '2019-08-10 19:28:39'),
(257, 27, 'Alisha Leuschke', 'Voluptatibus quidem voluptas totam similique. Consequatur sunt ut qui consequuntur et repellat. Autem nostrum ut voluptas repellat. Libero enim numquam voluptas expedita aut dolor repellat saepe.', 0, '2019-08-10 19:28:39', '2019-08-10 19:28:39'),
(258, 35, 'Gaylord Goyette', 'Animi sequi incidunt aut laborum reiciendis excepturi possimus. Quisquam expedita rerum voluptatem sunt. Minus et inventore saepe culpa.', 4, '2019-08-10 19:28:39', '2019-08-10 19:28:39'),
(259, 28, 'Ethyl Turcotte', 'Facere non enim nobis rerum. Ea maiores ipsa id et. Saepe corrupti blanditiis eum deleniti.', 2, '2019-08-10 19:28:39', '2019-08-10 19:28:39'),
(260, 45, 'Dr. Vernon Lehner III', 'Quis aliquid ipsa sit sint. Exercitationem nobis maiores iure ab. Vel quos porro quis velit molestiae quisquam est vitae.', 4, '2019-08-10 19:28:39', '2019-08-10 19:28:39'),
(261, 7, 'Prof. Kyra Gottlieb V', 'Aliquam vel et totam sunt. Nobis aut autem esse blanditiis quis est. Asperiores ullam incidunt at. Aperiam quis tenetur rerum ea eos earum. Aliquid qui pariatur aliquid.', 4, '2019-08-10 19:28:40', '2019-08-10 19:28:40'),
(262, 37, 'Melody Koepp Sr.', 'Omnis aut non esse exercitationem tenetur nobis. Ipsam repellendus labore culpa quis quibusdam. Quia id rerum vel eum quia sint illo. Pariatur aut facere cumque corporis beatae excepturi magnam.', 5, '2019-08-10 19:28:40', '2019-08-10 19:28:40'),
(263, 18, 'Prof. Arely Mills I', 'Tempora a dolor et nemo magni qui. Qui dolor itaque molestiae. Quaerat laudantium eaque voluptatibus sed laboriosam natus voluptatibus magnam. Esse porro hic aut earum ut porro neque. Sed quas animi omnis natus debitis.', 1, '2019-08-10 19:28:40', '2019-08-10 19:28:40'),
(264, 19, 'Declan Kshlerin', 'Consectetur ducimus qui temporibus praesentium assumenda. Provident at quae quibusdam quas fugiat. Et dolor aut perspiciatis repellendus temporibus dolor.', 2, '2019-08-10 19:28:41', '2019-08-10 19:28:41'),
(265, 9, 'Miss Sienna Runolfsdottir IV', 'Fugiat ex quis aut quibusdam aut magni. Optio nihil quod magni laboriosam dicta temporibus et. Asperiores incidunt perferendis rerum aut doloribus aliquid recusandae sed. Provident hic nesciunt quae et inventore sunt.', 2, '2019-08-10 19:28:41', '2019-08-10 19:28:41'),
(266, 21, 'Miss Keara Towne V', 'Temporibus consequatur nihil numquam officia libero at. Aperiam beatae eum velit est possimus et. At praesentium eaque ipsa sapiente sit.', 2, '2019-08-10 19:28:41', '2019-08-10 19:28:41'),
(267, 21, 'Kenyon Kris', 'Tempora ut libero veniam dolorem. Consequatur impedit laboriosam minus eum itaque qui eaque. Est delectus modi sunt inventore praesentium.', 4, '2019-08-10 19:28:41', '2019-08-10 19:28:41'),
(268, 21, 'Armando McCullough IV', 'Temporibus et sit repudiandae autem. Optio sunt accusantium culpa quaerat omnis totam aperiam quae. A ipsa cumque tempore repudiandae aut beatae illum. Aliquam aut odit ullam temporibus odit ipsam.', 4, '2019-08-10 19:28:41', '2019-08-10 19:28:41'),
(269, 49, 'Alysa Pollich', 'Totam expedita quod maxime fuga ad. Et vitae minima quo fugit praesentium non. Ipsum sint est nesciunt ut et corporis. Et expedita blanditiis et et.', 0, '2019-08-10 19:28:41', '2019-08-10 19:28:41'),
(270, 25, 'Mrs. Alexa Harris DVM', 'Laudantium reprehenderit eius et illum. Ducimus quibusdam et modi. Officia ipsum culpa impedit rem.', 1, '2019-08-10 19:28:41', '2019-08-10 19:28:41'),
(271, 29, 'Adrianna Mante', 'Repellat dicta excepturi officia aut. Facilis perspiciatis ut numquam consequatur itaque quisquam exercitationem. Aut et sunt temporibus quidem similique.', 1, '2019-08-10 19:28:41', '2019-08-10 19:28:41'),
(272, 30, 'Elsa Breitenberg', 'Id iste dolorem natus et enim optio culpa. Dignissimos eum nihil ullam ullam. Quae voluptatem doloremque officia sed quaerat. Aut accusamus molestias aut libero.', 1, '2019-08-10 19:28:42', '2019-08-10 19:28:42'),
(273, 40, 'Keagan Emmerich', 'Dolorum aut repudiandae recusandae eligendi id eaque voluptas. Reiciendis voluptates et similique nulla. Sed sit dicta aut ducimus. Nihil voluptate nesciunt et est.', 1, '2019-08-10 19:28:42', '2019-08-10 19:28:42'),
(274, 7, 'Maryam Hagenes I', 'Occaecati dolores molestiae modi. Qui est ea nemo debitis cumque similique unde. Quas voluptatem blanditiis voluptatem minima ullam aut. Ad voluptatem consequatur expedita nam laborum.', 4, '2019-08-10 19:28:42', '2019-08-10 19:28:42'),
(275, 28, 'Prof. Kellie Ledner PhD', 'Vero labore perferendis et nulla non et. Sequi amet enim ad tempora deserunt in.', 5, '2019-08-10 19:28:42', '2019-08-10 19:28:42'),
(276, 38, 'Adelia Bogisich', 'Est hic velit modi quis quis. Nobis et occaecati molestiae facilis. Nihil blanditiis voluptatibus quia laudantium nihil veniam. Impedit est et et debitis.', 0, '2019-08-10 19:28:42', '2019-08-10 19:28:42'),
(277, 19, 'Prof. Sallie Wiza', 'Expedita dicta deleniti laudantium eaque consequuntur. Architecto omnis ipsam non maxime aut debitis natus. Eos ipsa recusandae reprehenderit deleniti quam quo non. Eius tempore eos voluptatem repellendus dolor at.', 4, '2019-08-10 19:28:42', '2019-08-10 19:28:42'),
(278, 22, 'Lincoln Paucek', 'Quia voluptatem ut quibusdam. Nulla dignissimos inventore omnis minus. Distinctio corporis quos facere distinctio. Quo cumque necessitatibus minus fugit soluta eos rem.', 3, '2019-08-10 19:28:43', '2019-08-10 19:28:43'),
(279, 1, 'Vance Will', 'Consequatur voluptas eligendi at quam quibusdam eius. Quo ut et voluptas delectus. Accusamus qui non corporis nesciunt.', 4, '2019-08-10 19:28:43', '2019-08-10 19:28:43'),
(280, 17, 'Maeve Kihn', 'Nostrum et quas quis dignissimos amet tempora ducimus quidem. Quo qui maiores ea quia quos. Maiores aut ex et recusandae. Ullam est rerum modi.', 1, '2019-08-10 19:28:43', '2019-08-10 19:28:43'),
(281, 26, 'Josie Larkin', 'Consectetur debitis ea ipsa est et est. Assumenda blanditiis vel doloribus neque repudiandae molestiae eos. Quos repudiandae ut voluptas ipsam neque expedita repudiandae debitis. Et fugit non eum.', 1, '2019-08-10 19:28:43', '2019-08-10 19:28:43'),
(282, 41, 'Christ Douglas', 'Magni reprehenderit consectetur minima eius. Rerum iure et ullam quo. Voluptatem et tempora voluptas voluptatibus at quia nam. Aut fuga ipsum eum sed laboriosam.', 3, '2019-08-10 19:28:43', '2019-08-10 19:28:43'),
(283, 19, 'Garry Ledner', 'Qui quia adipisci omnis quas. Ab non laudantium laboriosam optio velit accusamus adipisci. Et minima tempore voluptates sed iure est iure.', 3, '2019-08-10 19:28:43', '2019-08-10 19:28:43'),
(284, 49, 'Max Miller', 'Qui quo maxime ut sunt soluta nihil et. Eveniet voluptas itaque sit laudantium et. Ipsam repellendus doloremque tenetur magnam.', 0, '2019-08-10 19:28:44', '2019-08-10 19:28:44'),
(285, 49, 'Anabel Abbott', 'Inventore reprehenderit ad cum accusantium neque soluta ipsam. Non officia quas nihil quas ducimus sed. Aut et dolorum quas natus eos voluptas.', 0, '2019-08-10 19:28:44', '2019-08-10 19:28:44'),
(286, 20, 'Gunner Greenfelder', 'Voluptatem asperiores voluptas et perferendis. Dolorem eum in maiores ipsam dolorem. Officiis qui qui fugiat autem natus repellendus deserunt.', 0, '2019-08-10 19:28:44', '2019-08-10 19:28:44'),
(287, 28, 'Prof. Doris Wolff DVM', 'Voluptatibus velit quo voluptatem ratione cupiditate dolor expedita. Eos veritatis nesciunt minima soluta enim nulla et. Soluta deserunt hic rerum est reprehenderit aspernatur rerum hic.', 3, '2019-08-10 19:28:44', '2019-08-10 19:28:44'),
(288, 25, 'Mr. Cullen Cronin', 'Modi inventore totam quia totam inventore. Et et rem nesciunt omnis occaecati nihil unde. Quaerat maiores aperiam et in numquam.', 2, '2019-08-10 19:28:44', '2019-08-10 19:28:44'),
(289, 29, 'Isidro West DVM', 'Deleniti sunt dolores ipsa voluptas nemo. Consequatur magnam nam voluptas architecto maiores. Autem sint libero animi maxime dolorem est a aut. Itaque beatae omnis id.', 2, '2019-08-10 19:28:45', '2019-08-10 19:28:45'),
(290, 50, 'Mitchel Jones', 'Nulla necessitatibus qui culpa consequatur est iure. Quia rerum ea voluptatem natus. Consequatur quasi quis culpa voluptatem laborum. Recusandae iure exercitationem error quis doloribus libero in.', 2, '2019-08-10 19:28:45', '2019-08-10 19:28:45'),
(291, 5, 'Mrs. Camilla Klocko IV', 'Ut quisquam itaque enim sed fuga nemo. Et qui omnis sit et numquam. Aliquid repellat unde mollitia voluptatum dignissimos voluptatum nemo. Nesciunt porro nesciunt corrupti sint.', 3, '2019-08-10 19:28:45', '2019-08-10 19:28:45'),
(292, 50, 'Prof. Theodore Bergstrom', 'Maxime illo iure voluptatibus corporis odit sit. Ratione eaque animi assumenda hic. Cum nobis illum praesentium aliquid. Facilis placeat facilis est sint molestiae natus.', 1, '2019-08-10 19:28:45', '2019-08-10 19:28:45'),
(293, 10, 'Donna Price', 'Magni tempore optio ducimus voluptatem odit. Sunt voluptatem accusamus aut voluptas quis velit. Quis aliquam voluptate architecto rerum autem.', 5, '2019-08-10 19:28:46', '2019-08-10 19:28:46'),
(294, 5, 'Selina Reichert', 'Dolorum iure fugiat voluptas cum. Quos est ut quod reprehenderit ut expedita voluptatem. Quasi laborum nostrum et sed voluptatem est. Odio porro facere expedita consequatur voluptatem eligendi est.', 3, '2019-08-10 19:28:46', '2019-08-10 19:28:46'),
(295, 13, 'Missouri Block', 'Consequatur quia similique doloribus rerum error ut enim. Officiis enim eligendi explicabo qui quia non enim. Aliquam aliquam velit sit laboriosam non molestias. Et facilis doloribus alias id voluptates est.', 0, '2019-08-10 19:28:46', '2019-08-10 19:28:46'),
(296, 43, 'Mr. Frankie Marquardt', 'Ratione deserunt dignissimos vel aliquam et. Quidem ut est qui quas et sunt. Dolores aut consequatur dolorum porro asperiores eos beatae et. Ea facilis facere provident consectetur.', 0, '2019-08-10 19:28:46', '2019-08-10 19:28:46'),
(297, 27, 'Tamia Huel I', 'Laborum sunt beatae asperiores nam. Dolores amet vero rerum culpa voluptatem voluptatem. Est est recusandae culpa et suscipit quibusdam.', 1, '2019-08-10 19:28:46', '2019-08-10 19:28:46'),
(298, 33, 'Mr. Isaias Haley', 'Corporis deserunt sit laborum. Enim ut voluptatibus quo animi cumque reprehenderit quia.', 0, '2019-08-10 19:28:46', '2019-08-10 19:28:46'),
(299, 22, 'Gudrun Bartoletti IV', 'Officia sed molestiae ut corrupti. Eos maxime quod similique ipsa illo. Sit adipisci et eligendi dolores quo necessitatibus soluta. Et modi consequatur ducimus modi culpa qui ut.', 5, '2019-08-10 19:28:47', '2019-08-10 19:28:47'),
(300, 17, 'Jarred Breitenberg', 'Architecto vel aliquam dolorem quibusdam accusamus delectus sit earum. Quia nihil eveniet quibusdam est aut sed. Est aut occaecati exercitationem est suscipit ipsam unde. Exercitationem ut est soluta maxime fugiat.', 5, '2019-08-10 19:28:47', '2019-08-10 19:28:47');

-- --------------------------------------------------------

--
-- Table structure for table `users`
--

DROP TABLE IF EXISTS `users`;
CREATE TABLE `users` (
  `id` bigint(20) UNSIGNED NOT NULL,
  `name` varchar(255) COLLATE utf8mb4_unicode_ci NOT NULL,
  `email` varchar(255) COLLATE utf8mb4_unicode_ci NOT NULL,
  `email_verified_at` timestamp NULL DEFAULT NULL,
  `password` varchar(255) COLLATE utf8mb4_unicode_ci NOT NULL,
  `remember_token` varchar(100) COLLATE utf8mb4_unicode_ci DEFAULT NULL,
  `created_at` timestamp NULL DEFAULT NULL,
  `updated_at` timestamp NULL DEFAULT NULL
) ENGINE=InnoDB DEFAULT CHARSET=utf8mb4 COLLATE=utf8mb4_unicode_ci;

--
-- Indexes for dumped tables
--

--
-- Indexes for table `migrations`
--
ALTER TABLE `migrations`
  ADD PRIMARY KEY (`id`);

--
-- Indexes for table `password_resets`
--
ALTER TABLE `password_resets`
  ADD KEY `password_resets_email_index` (`email`);

--
-- Indexes for table `products`
--
ALTER TABLE `products`
  ADD PRIMARY KEY (`id`);

--
-- Indexes for table `reviews`
--
ALTER TABLE `reviews`
  ADD PRIMARY KEY (`id`),
  ADD KEY `reviews_product_id_index` (`product_id`);

--
-- Indexes for table `users`
--
ALTER TABLE `users`
  ADD PRIMARY KEY (`id`),
  ADD UNIQUE KEY `users_email_unique` (`email`);

--
-- AUTO_INCREMENT for dumped tables
--

--
-- AUTO_INCREMENT for table `migrations`
--
ALTER TABLE `migrations`
  MODIFY `id` int(10) UNSIGNED NOT NULL AUTO_INCREMENT, AUTO_INCREMENT=5;

--
-- AUTO_INCREMENT for table `products`
--
ALTER TABLE `products`
  MODIFY `id` int(10) UNSIGNED NOT NULL AUTO_INCREMENT, AUTO_INCREMENT=51;

--
-- AUTO_INCREMENT for table `reviews`
--
ALTER TABLE `reviews`
  MODIFY `id` bigint(20) UNSIGNED NOT NULL AUTO_INCREMENT, AUTO_INCREMENT=301;

--
-- AUTO_INCREMENT for table `users`
--
ALTER TABLE `users`
  MODIFY `id` bigint(20) UNSIGNED NOT NULL AUTO_INCREMENT;

--
-- Constraints for dumped tables
--

--
-- Constraints for table `reviews`
--
ALTER TABLE `reviews`
  ADD CONSTRAINT `reviews_product_id_foreign` FOREIGN KEY (`product_id`) REFERENCES `products` (`id`) ON DELETE CASCADE;
COMMIT;

/*!40101 SET CHARACTER_SET_CLIENT=@OLD_CHARACTER_SET_CLIENT */;
/*!40101 SET CHARACTER_SET_RESULTS=@OLD_CHARACTER_SET_RESULTS */;
/*!40101 SET COLLATION_CONNECTION=@OLD_COLLATION_CONNECTION */;
